Workbook

Sheet 工作表1
A1: Date | B1: Nick Name | C1: Location | D1: Name | E1: In-Time | F1: Out-Time | G1: Hours | H1: OT Hours | I1: In-Time2 | J1: Out-Time2 | K1: Normal working hours
A2: 2026-06-04 | B2: Wah | C2: Kowloon Bay Fortress | D2: Wah | E2: 12:00:00 | F2: 20:00:00 | G2: 8 | H2: 0 | K2: 8
A3: 2026-06-05 | B3: Wah | C3: Kowloon Bay Fortress | D3: Wah | E3: 12:00:00 | F3: 20:00:00 | G3: 8 | H3: 0 | K3: 8
A4: 2026-06-06 | B4: Wah | C4: Kowloon Bay Fortress | D4: Wah | E4: 12:00:00 | F4: 20:00:00 | G4: 8 | H4: 0 | K4: 8
A5: 2026-06-07 | B5: Wah | C5: Kowloon Bay Fortress | D5: Wah | E5: 12:00:00 | F5: 20:00:00 | G5: 8 | H5: 0 | K5: 8
A6: 2026-06-11 | B6: Wah | C6: Kowloon Bay Fortress | D6: Wah | E6: 12:00:00 | F6: 20:00:00 | G6: 8 | H6: 0 | K6: 8
A7: 2026-06-12 | B7: Wah | C7: Kowloon Bay Fortress | D7: Wah | E7: 12:00:00 | F7: 20:00:00 | G7: 8 | H7: 0 | K7: 8
A8: 2026-06-13 | B8: Wah | C8: Kowloon Bay Fortress | D8: Wah | E8: 12:00:00 | F8: 20:00:00 | G8: 8 | H8: 0 | K8: 8
A9: 2026-06-14 | B9: Wah | C9: Kowloon Bay Fortress | D9: Wah | E9: 12:00:00 | F9: 20:00:00 | G9: 8 | H9: 0 | K9: 8
A10: 2026-06-18 | B10: Wah | C10: Kowloon Bay Fortress | D10: Wah | E10: 12:00:00 | F10: 20:00:00 | G10: 8 | H10: 0 | K10: 8
A11: 2026-06-19 | B11: Wah | C11: Kowloon Bay Fortress | D11: Wah | E11: 12:00:00 | F11: 20:00:00 | G11: 8 | H11: 0 | K11: 8
A12: 2026-06-20 | B12: Wah | C12: Kowloon Bay Fortress | D12: Wah | E12: 12:00:00 | F12: 20:00:00 | G12: 8 | H12: 0 | K12: 8
A13: 2026-06-21 | B13: Wah | C13: Kowloon Bay Fortress | D13: Wah | E13: 12:00:00 | F13: 20:00:00 | G13: 8 | H13: 0 | K13: 8
... A156: 2026-06-28 | B156: Fan | C156: TW Aeon | D156: Fan | E156: 12:00:00 | F156: 20:00:00 | G156: 8 | H156: 0 | K156: 8

Sheet Product List
A1: Model | B1: Product Line | C1: Category | D1: Default Comm Rate | E1: Special Comm Rate | F1: Special Start | G1: Special End | H1: Effective Comm Rate | I1: Product ID | J1: Brand Code
A2: 1141/00 | B2: 未分類 | D2: 0.03 | H2: 0.03 | I2: 8165 | J2: century_field
A3: 1775+175 | B3: 未分類 | D3: 0.03 | H3: 0.03 | I3: 7599 | J3: century_field
A4: 210/97 | B4: 未分類 | D4: 0.03 | H4: 0.03 | I4: 7748 | J4: century_field
A5: 225/97 | B5: 未分類 | D5: 0.03 | H5: 0.03 | I5: 7999 | J5: century_field
A6: 2769/97 | B6: 未分類 | D6: 0.03 | H6: 0.03 | I6: 7098 | J6: century_field
A7: 2920+201 | B7: 未分類 | D7: 0.03 | H7: 0.03 | I7: 7030 | J7: century_field
A8: 2937+211 | B8: 未分類 | D8: 0.03 | H8: 0.03 | I8: 7103 | J8: century_field
A9: 3000/26 | B9: 未分類 | D9: 0.03 | H9: 0.03 | I9: 8177 | J9: century_field
A10: 3234/97 | B10: 未分類 | D10: 0.03 | H10: 0.03 | I10: 7243 | J10: century_field
A11: 3703/97 | B11: 未分類 | D11: 0.03 | H11: 0.03 | I11: 8027 | J11: century_field
A12: 3733+3922 | B12: 未分類 | D12: 0.03 | H12: 0.03 | I12: 7027 | J12: century_field
A13: 3773+3922 | B13: 未分類 | D13: 0.03 | H13: 0.03 | I13: 7160 | J13: century_field
... A391: wp3883 | B391: 5重超濾複合濾芯 | D391: 0.03 | H391: 0.03 | I391: 258 | J391: century_field

Sheet editable-sales-form
A1: Shop | B1: Location | C1: Promoter | D1: Month | E1: Date | F1: Model | G1: Product Line | H1: Category | I1: Input | J1: Quantity | K1: Price | L1: Comm Rate | M1: Comm Amount
A2: Kowloon Bay Fortress | B2: Kowloon Bay Fortress | C2: Wah | D2: 2026-06 | E2: 2026-06-04 00:00:00 | F2: 6901+541 | G2: 未分類 | J2: 1 | K2: 1898 | L2: 0.03 | M2: =J2*K2*L2
A3: Kowloon Bay Fortress | B3: Kowloon Bay Fortress | C3: Wah | D3: 2026-06 | E3: 2026-06-04 00:00:00 | F3: 3773+3922 | G3: 未分類 | J3: 1 | K3: 1338 | L3: 0.03 | M3: =J3*K3*L3
A4: Kowloon Bay Fortress | B4: Kowloon Bay Fortress | C4: Wah | D4: 2026-06 | E4: 2026-06-04 00:00:00 | F4: 3733+3922 | G4: 未分類 | J4: 1 | K4: 598 | L4: 0.03 | M4: =J4*K4*L4
A5: Kowloon Bay Fortress | B5: Kowloon Bay Fortress | C5: Wah | D5: 2026-06 | E5: 2026-06-05 00:00:00 | F5: 6901+541 | G5: 未分類 | J5: 1 | K5: 1898 | L5: 0.03 | M5: =J5*K5*L5
A6: Kowloon Bay Fortress | B6: Kowloon Bay Fortress | C6: Wah | D6: 2026-06 | E6: 2026-06-05 00:00:00 | F6: 3733+3922 | G6: 未分類 | J6: 1 | K6: 598 | L6: 0.03 | M6: =J6*K6*L6
A7: Kowloon Bay Fortress | B7: Kowloon Bay Fortress | C7: Wah | D7: 2026-06 | E7: 2026-06-06 00:00:00 | F7: 6901+541 | G7: 未分類 | J7: 1 | K7: 1899 | L7: 0.03 | M7: =J7*K7*L7
A8: Kowloon Bay Fortress | B8: Kowloon Bay Fortress | C8: Wah | D8: 2026-06 | E8: 2026-06-06 00:00:00 | F8: 6910+550 | G8: 未分類 | J8: 1 | K8: 598 | L8: 0.03 | M8: =J8*K8*L8
A9: Kowloon Bay Fortress | B9: Kowloon Bay Fortress | C9: Wah | D9: 2026-06 | E9: 2026-06-06 00:00:00 | F9: 6910+550 | G9: 未分類 | J9: 1 | K9: 598 | L9: 0.03 | M9: =J9*K9*L9
A10: Kowloon Bay Fortress | B10: Kowloon Bay Fortress | C10: Wah | D10: 2026-06 | E10: 2026-06-06 00:00:00 | F10: 3780/97 | G10: 未分類 | J10: 1 | K10: 1188 | L10: 0.03 | M10: =J10*K10*L10
A11: Kowloon Bay Fortress | B11: Kowloon Bay Fortress | C11: Wah | D11: 2026-06 | E11: 2026-06-07 00:00:00 | F11: 2769/97 | G11: 未分類 | J11: 1 | K11: 298 | L11: 0.03 | M11: =J11*K11*L11
A12: Kowloon Bay Fortress | B12: Kowloon Bay Fortress | C12: Wah | D12: 2026-06 | E12: 2026-06-07 00:00:00 | F12: 4030/90 | G12: 未分類 | J12: 1 | K12: 2645 | L12: 0.03 | M12: =J12*K12*L12
A13: Kowloon Bay Fortress | B13: Kowloon Bay Fortress | C13: Wah | D13: 2026-06 | E13: 2026-06-07 00:00:00 | F13: 6901+541 | G13: 未分類 | J13: 1 | K13: 1899 | L13: 0.03 | M13: =J13*K13*L13
... A663: TW Aeon | B663: TW Aeon | C663: Fan | D663: 2026-06 | E663: 2026-06-28 00:00:00 | F663: Model-Input-Ref | G663: 未分類 (單據新增) | J663: 1 | K663: 598 | L663: 0.03 | M663: =J663*K663*L663
D664: 2026-06 | G664: =IF(F664="","", IFERROR(VLOOKUP(F664, 'Product List'!A:D, 2, FALSE), "")) | H664: =IF(F664="","", IFERROR(VLOOKUP(F664, 'Product List'!A:D, 3, FALSE), "")) | J664: 1 | K664: 0 | L664: =IF(F664="","", IFERROR(VLOOKUP(F664, 'Product List'!A:D, 4, FALSE), 0.03)) | M664: =IF(F664="","", J664*K664*L664)
D665: 2026-06 | G665: =IF(F665="","", IFERROR(VLOOKUP(F665, 'Product List'!A:D, 2, FALSE), "")) | H665: =IF(F665="","", IFERROR(VLOOKUP(F665, 'Product List'!A:D, 3, FALSE), "")) | J665: 1 | K665: 0 | L665: =IF(F665="","", IFERROR(VLOOKUP(F665, 'Product List'!A:D, 4, FALSE), 0.03)) | M665: =IF(F665="","", J665*K665*L665)
D666: 2026-06 | G666: =IF(F666="","", IFERROR(VLOOKUP(F666, 'Product List'!A:D, 2, FALSE), "")) | H666: =IF(F666="","", IFERROR(VLOOKUP(F666, 'Product List'!A:D, 3, FALSE), "")) | J666: 1 | K666: 0 | L666: =IF(F666="","", IFERROR(VLOOKUP(F666, 'Product List'!A:D, 4, FALSE), 0.03)) | M666: =IF(F666="","", J666*K666*L666)
D667: 2026-06 | G667: =IF(F667="","", IFERROR(VLOOKUP(F667, 'Product List'!A:D, 2, FALSE), "")) | H667: =IF(F667="","", IFERROR(VLOOKUP(F667, 'Product List'!A:D, 3, FALSE), "")) | J667: 1 | K667: 0 | L667: =IF(F667="","", IFERROR(VLOOKUP(F667, 'Product List'!A:D, 4, FALSE), 0.03)) | M667: =IF(F667="","", J667*K667*L667)
D668: 2026-06 | G668: =IF(F668="","", IFERROR(VLOOKUP(F668, 'Product List'!A:D, 2, FALSE), "")) | H668: =IF(F668="","", IFERROR(VLOOKUP(F668, 'Product List'!A:D, 3, FALSE), "")) | J668: 1 | K668: 0 | L668: =IF(F668="","", IFERROR(VLOOKUP(F668, 'Product List'!A:D, 4, FALSE), 0.03)) | M668: =IF(F668="","", J668*K668*L668)
D669: 2026-06 | G669: =IF(F669="","", IFERROR(VLOOKUP(F669, 'Product List'!A:D, 2, FALSE), "")) | H669: =IF(F669="","", IFERROR(VLOOKUP(F669, 'Product List'!A:D, 3, FALSE), "")) | J669: 1 | K669: 0 | L669: =IF(F669="","", IFERROR(VLOOKUP(F669, 'Product List'!A:D, 4, FALSE), 0.03)) | M669: =IF(F669="","", J669*K669*L669)
D670: 2026-06 | G670: =IF(F670="","", IFERROR(VLOOKUP(F670, 'Product List'!A:D, 2, FALSE), "")) | H670: =IF(F670="","", IFERROR(VLOOKUP(F670, 'Product List'!A:D, 3, FALSE), "")) | J670: 1 | K670: 0 | L670: =IF(F670="","", IFERROR(VLOOKUP(F670, 'Product List'!A:D, 4, FALSE), 0.03)) | M670: =IF(F670="","", J670*K670*L670)
D671: 2026-06 | G671: =IF(F671="","", IFERROR(VLOOKUP(F671, 'Product List'!A:D, 2, FALSE), "")) | H671: =IF(F671="","", IFERROR(VLOOKUP(F671, 'Product List'!A:D, 3, FALSE), "")) | J671: 1 | K671: 0 | L671: =IF(F671="","", IFERROR(VLOOKUP(F671, 'Product List'!A:D, 4, FALSE), 0.03)) | M671: =IF(F671="","", J671*K671*L671)
D672: 2026-06 | G672: =IF(F672="","", IFERROR(VLOOKUP(F672, 'Product List'!A:D, 2, FALSE), "")) | H672: =IF(F672="","", IFERROR(VLOOKUP(F672, 'Product List'!A:D, 3, FALSE), "")) | J672: 1 | K672: 0 | L672: =IF(F672="","", IFERROR(VLOOKUP(F672, 'Product List'!A:D, 4, FALSE), 0.03)) | M672: =IF(F672="","", J672*K672*L672)
D673: 2026-06 | G673: =IF(F673="","", IFERROR(VLOOKUP(F673, 'Product List'!A:D, 2, FALSE), "")) | H673: =IF(F673="","", IFERROR(VLOOKUP(F673, 'Product List'!A:D, 3, FALSE), "")) | J673: 1 | K673: 0 | L673: =IF(F673="","", IFERROR(VLOOKUP(F673, 'Product List'!A:D, 4, FALSE), 0.03)) | M673: =IF(F673="","", J673*K673*L673)
D674: 2026-06 | G674: =IF(F674="","", IFERROR(VLOOKUP(F674, 'Product List'!A:D, 2, FALSE), "")) | H674: =IF(F674="","", IFERROR(VLOOKUP(F674, 'Product List'!A:D, 3, FALSE), "")) | J674: 1 | K674: 0 | L674: =IF(F674="","", IFERROR(VLOOKUP(F674, 'Product List'!A:D, 4, FALSE), 0.03)) | M674: =IF(F674="","", J674*K674*L674)
D675: 2026-06 | G675: =IF(F675="","", IFERROR(VLOOKUP(F675, 'Product List'!A:D, 2, FALSE), "")) | H675: =IF(F675="","", IFERROR(VLOOKUP(F675, 'Product List'!A:D, 3, FALSE), "")) | J675: 1 | K675: 0 | L675: =IF(F675="","", IFERROR(VLOOKUP(F675, 'Product List'!A:D, 4, FALSE), 0.03)) | M675: =IF(F675="","", J675*K675*L675)
... D763: 2026-06 | G763: =IF(F763="","", IFERROR(VLOOKUP(F763, 'Product List'!A:D, 2, FALSE), "")) | H763: =IF(F763="","", IFERROR(VLOOKUP(F763, 'Product List'!A:D, 3, FALSE), "")) | J763: 1 | K763: 0 | L763: =IF(F763="","", IFERROR(VLOOKUP(F763, 'Product List'!A:D, 4, FALSE), 0.03)) | M763: =IF(F763="","", J763*K763*L763)
D764: 2026-06 | I764: 1 | J764: 0 | K764: =IF(F764="","", IFERROR(VLOOKUP(F764, 'Product List'!A:D, 4, FALSE), 0.03)) | L764: =IF(F764="","", I764*J764*K764)
D765: 2026-06 | I765: 1 | J765: 0 | K765: =IF(F765="","", IFERROR(VLOOKUP(F765, 'Product List'!A:D, 4, FALSE), 0.03)) | L765: =IF(F765="","", I765*J765*K765)
D766: 2026-06 | I766: 1 | J766: 0 | K766: =IF(F766="","", IFERROR(VLOOKUP(F766, 'Product List'!A:D, 4, FALSE), 0.03)) | L766: =IF(F766="","", I766*J766*K766)
D767: 2026-06 | I767: 1 | J767: 0 | K767: =IF(F767="","", IFERROR(VLOOKUP(F767, 'Product List'!A:D, 4, FALSE), 0.03)) | L767: =IF(F767="","", I767*J767*K767)
D768: 2026-06 | I768: 1 | J768: 0 | K768: =IF(F768="","", IFERROR(VLOOKUP(F768, 'Product List'!A:D, 4, FALSE), 0.03)) | L768: =IF(F768="","", I768*J768*K768)
D769: 2026-06 | I769: 1 | J769: 0 | K769: =IF(F769="","", IFERROR(VLOOKUP(F769, 'Product List'!A:D, 4, FALSE), 0.03)) | L769: =IF(F769="","", I769*J769*K769)
D770: 2026-06 | I770: 1 | J770: 0 | K770: =IF(F770="","", IFERROR(VLOOKUP(F770, 'Product List'!A:D, 4, FALSE), 0.03)) | L770: =IF(F770="","", I770*J770*K770)
D771: 2026-06 | I771: 1 | J771: 0 | K771: =IF(F771="","", IFERROR(VLOOKUP(F771, 'Product List'!A:D, 4, FALSE), 0.03)) | L771: =IF(F771="","", I771*J771*K771)
D772: 2026-06 | I772: 1 | J772: 0 | K772: =IF(F772="","", IFERROR(VLOOKUP(F772, 'Product List'!A:D, 4, FALSE), 0.03)) | L772: =IF(F772="","", I772*J772*K772)
D773: 2026-06 | I773: 1 | J773: 0 | K773: =IF(F773="","", IFERROR(VLOOKUP(F773, 'Product List'!A:D, 4, FALSE), 0.03)) | L773: =IF(F773="","", I773*J773*K773)
D774: 2026-06 | I774: 1 | J774: 0 | K774: =IF(F774="","", IFERROR(VLOOKUP(F774, 'Product List'!A:D, 4, FALSE), 0.03)) | L774: =IF(F774="","", I774*J774*K774)
D775: 2026-06 | I775: 1 | J775: 0 | K775: =IF(F775="","", IFERROR(VLOOKUP(F775, 'Product List'!A:D, 4, FALSE), 0.03)) | L775: =IF(F775="","", I775*J775*K775)
... D863: 2026-06 | I863: 1 | J863: 0 | K863: =IF(F863="","", IFERROR(VLOOKUP(F863, 'Product List'!A:D, 4, FALSE), 0.03)) | L863: =IF(F863="","", I863*J863*K863)

Sheet Total
A7: Name | B7: Shop | C7: Days | D7: Hours | E7: Hourly Rate | F7: 酬 金 | G7: Basic Comm | H7: Allowance | I7: Expenses | J7: Adjustment | K7: Attendance | L7: Total | M7: MPF | N7: Net Pay
A8: Apple | B8: TW Aeon | C8: =COUNTIFS('工作表1'!$B:$B, A8, '工作表1'!$C:$C, B8) | D8: =SUMIFS('工作表1'!$K:$K, '工作表1'!$B:$B, A8, '工作表1'!$C:$C, B8) | E8: 60 | F8: =D8*E8 | G8: =SUMIFS('editable-sales-form'!$M:$M, 'editable-sales-form'!$C:$C, A8, 'editable-sales-form'!$B:$B, B8) | H8: =C8*0.0 | I8: 30 | J8: 0 | K8: 0 | L8: =SUM(F8:K8) | M8: 0 | N8: =L8-M8
A9: Carol | B9: SW Wing On | C9: =COUNTIFS('工作表1'!$B:$B, A9, '工作表1'!$C:$C, B9) | D9: =SUMIFS('工作表1'!$K:$K, '工作表1'!$B:$B, A9, '工作表1'!$C:$C, B9) | E9: 60 | F9: =D9*E9 | G9: =SUMIFS('editable-sales-form'!$M:$M, 'editable-sales-form'!$C:$C, A9, 'editable-sales-form'!$B:$B, B9) | H9: =C9*0.0 | I9: 0 | J9: 0 | K9: 0 | L9: =SUM(F9:K9) | M9: 0 | N9: =L9-M9
A10: Fan | B10: TW Aeon | C10: =COUNTIFS('工作表1'!$B:$B, A10, '工作表1'!$C:$C, B10) | D10: =SUMIFS('工作表1'!$K:$K, '工作表1'!$B:$B, A10, '工作表1'!$C:$C, B10) | E10: 60 | F10: =D10*E10 | G10: =SUMIFS('editable-sales-form'!$M:$M, 'editable-sales-form'!$C:$C, A10, 'editable-sales-form'!$B:$B, B10) | H10: =C10*0.0 | I10: 0 | J10: 0 | K10: 0 | L10: =SUM(F10:K10) | M10: 0 | N10: =L10-M10
A11: Hazel | B11: SW Wing On | C11: =COUNTIFS('工作表1'!$B:$B, A11, '工作表1'!$C:$C, B11) | D11: =SUMIFS('工作表1'!$K:$K, '工作表1'!$B:$B, A11, '工作表1'!$C:$C, B11) | E11: 60 | F11: =D11*E11 | G11: =SUMIFS('editable-sales-form'!$M:$M, 'editable-sales-form'!$C:$C, A11, 'editable-sales-form'!$B:$B, B11) | H11: =C11*0.0 | I11: 0 | J11: 0 | K11: 480 | L11: =SUM(F11:K11) | M11: 0 | N11: =L11-M11
A12: Jenny P | B12: In - Home Expo | C12: =COUNTIFS('工作表1'!$B:$B, A12, '工作表1'!$C:$C, B12) | D12: =SUMIFS('工作表1'!$K:$K, '工作表1'!$B:$B, A12, '工作表1'!$C:$C, B12) | E12: 60 | F12: =D12*E12 | G12: =SUMIFS('editable-sales-form'!$M:$M, 'editable-sales-form'!$C:$C, A12, 'editable-sales-form'!$B:$B, B12) | H12: =C12*0.0 | I12: 0 | J12: 0 | K12: 0 | L12: =SUM(F12:K12) | M12: 0 | N12: =L12-M12
A13: Joe | B13: Tai Po Yata | C13: =COUNTIFS('工作表1'!$B:$B, A13, '工作表1'!$C:$C, B13) | D13: =SUMIFS('工作表1'!$K:$K, '工作表1'!$B:$B, A13, '工作表1'!$C:$C, B13) | E13: 60 | F13: =D13*E13 | G13: =SUMIFS('editable-sales-form'!$M:$M, 'editable-sales-form'!$C:$C, A13, 'editable-sales-form'!$B:$B, B13) | H13: =C13*0.0 | I13: 0 | J13: 0 | K13: 0 | L13: =SUM(F13:K13) | M13: 0 | N13: =L13-M13
A14: Ling | B14: YL Citistore | C14: =COUNTIFS('工作表1'!$B:$B, A14, '工作表1'!$C:$C, B14) | D14: =SUMIFS('工作表1'!$K:$K, '工作表1'!$B:$B, A14, '工作表1'!$C:$C, B14) | E14: 60 | F14: =D14*E14 | G14: =SUMIFS('editable-sales-form'!$M:$M, 'editable-sales-form'!$C:$C, A14, 'editable-sales-form'!$B:$B, B14) | H14: =C14*0.0 | I14: 0 | J14: 0 | K14: 480 | L14: =SUM(F14:K14) | M14: 0 | N14: =L14-M14
A15: Margaret | B15: Central Fortress | C15: =COUNTIFS('工作表1'!$B:$B, A15, '工作表1'!$C:$C, B15) | D15: =SUMIFS('工作表1'!$K:$K, '工作表1'!$B:$B, A15, '工作表1'!$C:$C, B15) | E15: 56.25 | F15: =D15*E15 | G15: =SUMIFS('editable-sales-form'!$M:$M, 'editable-sales-form'!$C:$C, A15, 'editable-sales-form'!$B:$B, B15) | H15: =C15*0.0 | I15: 0 | J15: 0 | K15: 0 | L15: =SUM(F15:K15) | M15: 0 | N15: =L15-M15
A16: Margaret | B16: In - Home Expo 2 | C16: =COUNTIFS('工作表1'!$B:$B, A16, '工作表1'!$C:$C, B16) | D16: =SUMIFS('工作表1'!$K:$K, '工作表1'!$B:$B, A16, '工作表1'!$C:$C, B16) | E16: 56.25 | F16: =D16*E16 | G16: =SUMIFS('editable-sales-form'!$M:$M, 'editable-sales-form'!$C:$C, A16, 'editable-sales-form'!$B:$B, B16) | H16: =C16*0.0 | I16: 0 | J16: 0 | K16: 0 | L16: =SUM(F16:K16) | M16: 0 | N16: =L16-M16
A17: Margaret | B17: Shatin Fortress | C17: =COUNTIFS('工作表1'!$B:$B, A17, '工作表1'!$C:$C, B17) | D17: =SUMIFS('工作表1'!$K:$K, '工作表1'!$B:$B, A17, '工作表1'!$C:$C, B17) | E17: 56.25 | F17: =D17*E17 | G17: =SUMIFS('editable-sales-form'!$M:$M, 'editable-sales-form'!$C:$C, A17, 'editable-sales-form'!$B:$B, B17) | H17: =C17*0.0 | I17: 0 | J17: 0 | K17: 0 | L17: =SUM(F17:K17) | M17: 0 | N17: =L17-M17
A18: May M | B18: Tuen Mun Broadway | C18: =COUNTIFS('工作表1'!$B:$B, A18, '工作表1'!$C:$C, B18) | D18: =SUMIFS('工作表1'!$K:$K, '工作表1'!$B:$B, A18, '工作表1'!$C:$C, B18) | E18: 56.25 | F18: =D18*E18 | G18: =SUMIFS('editable-sales-form'!$M:$M, 'editable-sales-form'!$C:$C, A18, 'editable-sales-form'!$B:$B, B18) | H18: =C18*0.0 | I18: 0 | J18: 0 | K18: 0 | L18: =SUM(F18:K18) | M18: 0 | N18: =L18-M18
A19: Mei Kiu | B19: TW YATA | C19: =COUNTIFS('工作表1'!$B:$B, A19, '工作表1'!$C:$C, B19) | D19: =SUMIFS('工作表1'!$K:$K, '工作表1'!$B:$B, A19, '工作表1'!$C:$C, B19) | E19: 60 | F19: =D19*E19 | G19: =SUMIFS('editable-sales-form'!$M:$M, 'editable-sales-form'!$C:$C, A19, 'editable-sales-form'!$B:$B, B19) | H19: =C19*0.0 | I19: 0 | J19: 0 | K19: 0 | L19: =SUM(F19:K19) | M19: 0 | N19: =L19-M19
... A24: Wu Sir | B24: Kwai Fong Fortress | C24: =COUNTIFS('工作表1'!$B:$B, A24, '工作表1'!$C:$C, B24) | D24: =SUMIFS('工作表1'!$K:$K, '工作表1'!$B:$B, A24, '工作表1'!$C:$C, B24) | E24: 65 | F24: =D24*E24 | G24: =SUMIFS('editable-sales-form'!$M:$M, 'editable-sales-form'!$C:$C, A24, 'editable-sales-form'!$B:$B, B24) | H24: =C24*0.0 | I24: 0 | J24: 0 | K24: 0 | L24: =SUM(F24:K24) | M24: 0 | N24: =L24-M24
