Workbook

Sheet Roster
A1: 2026 | F1: 已入數 | G1: 0數 | H1: OFF | I1: - | J1: 更正
A2: 3 | F2: 已入數 | G2: 0數 | H2: OFF | I2: - | J2: 更正 | AH2: =+AH3*60 -> 314550
B3: =TEXT($A$1&"/"&$A$2&"/"&B4,"ddd") -> Sun | C3: =TEXT($A$1&"/"&$A$2&"/"&C4,"ddd") -> Mon | D3: =TEXT($A$1&"/"&$A$2&"/"&D4,"ddd") -> Tue | E3: =TEXT($A$1&"/"&$A$2&"/"&E4,"ddd") -> Wed | F3: =TEXT($A$1&"/"&$A$2&"/"&F4,"ddd") -> Thu | G3: =TEXT($A$1&"/"&$A$2&"/"&G4,"ddd") -> Fri | H3: =TEXT($A$1&"/"&$A$2&"/"&H4,"ddd") -> Sat | I3: =TEXT($A$1&"/"&$A$2&"/"&I4,"ddd") -> Sun | ... AF3: =TEXT($A$1&"/"&$A$2&"/"&AF4,"ddd") -> Tue | AG3: =SUM(AG5:AG69) -> 652 | AH3: =SUM(AH5:AH69) -> 5242.5
B4: 1 | C4: 2 | D4: 3 | E4: 4 | F4: 5 | G4: 6 | H4: 7 | I4: 8 | J4: 9 | K4: 10 | L4: 11 | M4: 12 | N4: 13 | O4: 14 | P4: 15 | Q4: 16 | R4: 17 | S4: 18 | T4: 19 | U4: 20 | V4: 21 | W4: 22 | X4: 23 | Y4: 24 | Z4: 25 | AA4: 26 | AB4: 27 | AC4: 28 | AD4: 29 | AE4: 30 | AF4: 31 | AI4: Name1 | AJ4: Full Name1 | AK4: No. | AL4: $$$ | AM4: Allowance
A5: Kornhill Aeon | B5: May C | C5: May C | D5: May C | E5: May C off | F5: May C | G5: May C | H5: May C | I5: May C | J5: May C off | K5: May C | L5: May C | M5: May C | N5: May C | O5: May C off | P5: May C | Q5: May C | R5: May C | S5: May C off | T5: May C off | U5: May C | V5: May C | W5: May C | X5: May C | Y5: May C off | Z5: May C off | AA5: May C | AB5: May C | AC5: May C | AD5: May C | AE5: May C off | AF5: May C off | AG5: =COUNTA(B5:AF5)-COUNTIF(B5:AF5,"."&"*")-COUNTIF(B5:AF5,"off")-COUNTIF(B5:AF5,"SL"&" "&"*")-COUNTIF(B5:AF5,"PH"&" "&"*")-COUNTIF(B5:AF5,"AL"&" "&"*")-COUNTIF(B5:AF5,"CL"&" "&"*")-COUNTIF(B5:AF5,"Typhoon"&" "&"*")-COUNTIF(B5:AF5,"*"&"off")-COUNTIF(B5:AF5," "&"*") -> 22 | AH5: =AG5*8 -> 176 | AI5: {=_xlfn.LET( _xlpm.data, B5:AF5, _xlpm.removeList, {" off","."," SL","xxx"}, _xlpm.cleaned, TRIM(_xlfn.REDUCE(_xlpm.data, _xlpm.removeList, _xlfn.LAMBDA(_xlpm.arr,_xlpm.str, SUBSTITUTE(_xlpm.arr, _xlpm.str, "")))), _xlpm.first, _xlfn._xlws.FILTER(_xlpm.cleaned, _xlpm.cleaned <> ""), INDEX(_xlpm.first, 1) )} -> May C | AJ5: {=_xlfn._xlws.FILTER(表格6[Full Name],(表格6[Name]=AI5)+(表格6[Name]&"_1"=AI5)+(表格6[Name]&"_2"=AI5)+(表格6[Name]&"_3"=AI5)+(表格6[Name]&"_4"=AI5)+(表格6[Name]&"_5"=AI5))} -> Cheng Muk Kiu | AK5: {=_xlfn._xlws.FILTER(三國演義!$C$13:$C$80,三國演義!$E$13:$E$80=Roster!AI5)} -> 1 | AL5: 55 | AM5: 30 | AN5: 0.02
A6: Vcity_1 Fortress | B6: Ivy Wong_1 | C6: . | D6: . | E6: . | F6: . | G6: . | H6: . | I6: . | J6: . | K6: . | L6: . | M6: . | N6: . | O6: Ivy Wong_1 | P6: Ivy Wong_1 | Q6: . | R6: . | S6: . | T6: . | U6: . | V6: Ivy Wong_1 | W6: Ivy Wong_1 | X6: . | Y6: . | Z6: Ivy Wong_1 | AA6: . | AB6: . | AC6: Ivy Wong_1 | AD6: . | AE6: . | AF6: . | AG6: =COUNTA(B6:AF6)-COUNTIF(B6:AF6,"."&"*")-COUNTIF(B6:AF6,"off")-COUNTIF(B6:AF6,"SL"&" "&"*")-COUNTIF(B6:AF6,"PH"&" "&"*")-COUNTIF(B6:AF6,"AL"&" "&"*")-COUNTIF(B6:AF6,"CL"&" "&"*")-COUNTIF(B6:AF6,"Typhoon"&" "&"*")-COUNTIF(B6:AF6,"*"&"off")-COUNTIF(B6:AF6," "&"*") -> 7 | AH6: =AG6*8 -> 56 | AI6: {=_xlfn.LET( _xlpm.data, B6:AF6, _xlpm.removeList, {" off","."," SL","xxx"}, _xlpm.cleaned, TRIM(_xlfn.REDUCE(_xlpm.data, _xlpm.removeList, _xlfn.LAMBDA(_xlpm.arr,_xlpm.str, SUBSTITUTE(_xlpm.arr, _xlpm.str, "")))), _xlpm.first, _xlfn._xlws.FILTER(_xlpm.cleaned, _xlpm.cleaned <> ""), INDEX(_xlpm.first, 1) )} -> Ivy Wong_1 | AJ6: {=_xlfn._xlws.FILTER(表格6[Full Name],(表格6[Name]=AI6)+(表格6[Name]&"_1"=AI6)+(表格6[Name]&"_2"=AI6)+(表格6[Name]&"_3"=AI6)+(表格6[Name]&"_4"=AI6)+(表格6[Name]&"_5"=AI6))} -> Wong Wai Chu | AK6: {=_xlfn._xlws.FILTER(三國演義!$C$13:$C$80,三國演義!$E$13:$E$80=Roster!AI6)} -> 2 | AL6: 60 | AM6: 0 | AN6: 0.02
A7: Vcity_2 Fortress | B7: . | C7: . | D7: . | E7: . | F7: . | G7: . | H7: Kit_3 | I7: Kit_3 | J7: . | K7: . | L7: . | M7: . | N7: . | O7: . | P7: . | Q7: . | R7: . | S7: . | T7: . | U7: . | V7: . | W7: . | X7: . | Y7: . | Z7: . | AA7: . | AB7: . | AC7: . | AD7: . | AE7: . | AF7: . | AG7: =COUNTA(B7:AF7)-COUNTIF(B7:AF7,"."&"*")-COUNTIF(B7:AF7,"off")-COUNTIF(B7:AF7,"SL"&" "&"*")-COUNTIF(B7:AF7,"PH"&" "&"*")-COUNTIF(B7:AF7,"AL"&" "&"*")-COUNTIF(B7:AF7,"CL"&" "&"*")-COUNTIF(B7:AF7,"Typhoon"&" "&"*")-COUNTIF(B7:AF7,"*"&"off")-COUNTIF(B7:AF7," "&"*") -> 2 | AH7: =AG7*8 -> 16 | AI7: {=_xlfn.LET( _xlpm.data, B7:AF7, _xlpm.removeList, {" off","."," SL","xxx"}, _xlpm.cleaned, TRIM(_xlfn.REDUCE(_xlpm.data, _xlpm.removeList, _xlfn.LAMBDA(_xlpm.arr,_xlpm.str, SUBSTITUTE(_xlpm.arr, _xlpm.str, "")))), _xlpm.first, _xlfn._xlws.FILTER(_xlpm.cleaned, _xlpm.cleaned <> ""), INDEX(_xlpm.first, 1) )} -> Kit_3 | AJ7: {=_xlfn._xlws.FILTER(表格6[Full Name],(表格6[Name]=AI7)+(表格6[Name]&"_1"=AI7)+(表格6[Name]&"_2"=AI7)+(表格6[Name]&"_3"=AI7)+(表格6[Name]&"_4"=AI7)+(表格6[Name]&"_5"=AI7))} -> Li Wenjie | AK7: {=_xlfn._xlws.FILTER(三國演義!$C$13:$C$80,三國演義!$E$13:$E$80=Roster!AI7)} -> 3 | AL7: 60
A8: Diamond Hill Fortress | B8: Vicky L | C8: Vicky L | D8: Vicky L off | E8: Vicky L | F8: Vicky L off | G8: Vicky L | H8: Vicky L | I8: Vicky L | J8: Vicky L off | K8: Vicky L off | L8: Vicky L off | M8: Vicky L off | N8: Vicky L | O8: Vicky L | P8: Vicky L | Q8: Vicky L | R8: Vicky L | S8: Vicky L | T8: Vicky L | U8: Vicky L off | V8: Vicky L | W8: Vicky L | X8: Vicky L | Y8: Vicky L | Z8: Vicky L | AA8: Vicky L | AB8: Vicky L | AC8: Vicky L | AD8: Vicky L | AE8: Vicky L | AF8: Vicky L | AG8: =COUNTA(B8:AF8)-COUNTIF(B8:AF8,"."&"*")-COUNTIF(B8:AF8,"off")-COUNTIF(B8:AF8,"SL"&" "&"*")-COUNTIF(B8:AF8,"PH"&" "&"*")-COUNTIF(B8:AF8,"AL"&" "&"*")-COUNTIF(B8:AF8,"CL"&" "&"*")-COUNTIF(B8:AF8,"Typhoon"&" "&"*")-COUNTIF(B8:AF8,"*"&"off")-COUNTIF(B8:AF8," "&"*") -> 24 | AH8: =AG8*8 -> 192 | AI8: {=_xlfn.LET( _xlpm.data, B8:AF8, _xlpm.removeList, {" off","."," SL","xxx"}, _xlpm.cleaned, TRIM(_xlfn.REDUCE(_xlpm.data, _xlpm.removeList, _xlfn.LAMBDA(_xlpm.arr,_xlpm.str, SUBSTITUTE(_xlpm.arr, _xlpm.str, "")))), _xlpm.first, _xlfn._xlws.FILTER(_xlpm.cleaned, _xlpm.cleaned <> ""), INDEX(_xlpm.first, 1) )} -> Vicky L | AJ8: {=_xlfn._xlws.FILTER(表格6[Full Name],(表格6[Name]=AI8)+(表格6[Name]&"_1"=AI8)+(表格6[Name]&"_2"=AI8)+(表格6[Name]&"_3"=AI8)+(表格6[Name]&"_4"=AI8)+(表格6[Name]&"_5"=AI8))} -> Leung Ching | AK8: {=_xlfn._xlws.FILTER(三國演義!$C$13:$C$80,三國演義!$E$13:$E$80=Roster!AI8)} -> 4 | AL8: 60 | AM8: 0 | AN8: 0.02
A9: Good Hope Fortress | B9: Michelle | C9: Michelle off | D9: Michelle off | E9: Michelle off | F9: Michelle | G9: Michelle | H9: Michelle | I9: Michelle | J9: Michelle off | K9: Michelle off | L9: Michelle | M9: Michelle | N9: Michelle | O9: Michelle | P9: Michelle | Q9: Michelle off | R9: Michelle | S9: Michelle | T9: Michelle | U9: Michelle | V9: Michelle | W9: Michelle | X9: Michelle off | Y9: Michelle off | Z9: Michelle | AA9: Michelle | AB9: Michelle | AC9: Michelle | AD9: Michelle | AE9: Michelle off | AF9: Michelle | AG9: =COUNTA(B9:AF9)-COUNTIF(B9:AF9,"."&"*")-COUNTIF(B9:AF9,"off")-COUNTIF(B9:AF9,"SL"&" "&"*")-COUNTIF(B9:AF9,"PH"&" "&"*")-COUNTIF(B9:AF9,"AL"&" "&"*")-COUNTIF(B9:AF9,"CL"&" "&"*")-COUNTIF(B9:AF9,"Typhoon"&" "&"*")-COUNTIF(B9:AF9,"*"&"off")-COUNTIF(B9:AF9," "&"*") -> 22 | AH9: =AG9*8 -> 176 | AI9: {=_xlfn.LET( _xlpm.data, B9:AF9, _xlpm.removeList, {" off","."," SL","xxx"}, _xlpm.cleaned, TRIM(_xlfn.REDUCE(_xlpm.data, _xlpm.removeList, _xlfn.LAMBDA(_xlpm.arr,_xlpm.str, SUBSTITUTE(_xlpm.arr, _xlpm.str, "")))), _xlpm.first, _xlfn._xlws.FILTER(_xlpm.cleaned, _xlpm.cleaned <> ""), INDEX(_xlpm.first, 1) )} -> Michelle | AJ9: {=_xlfn._xlws.FILTER(表格6[Full Name],(表格6[Name]=AI9)+(表格6[Name]&"_1"=AI9)+(表格6[Name]&"_2"=AI9)+(表格6[Name]&"_3"=AI9)+(表格6[Name]&"_4"=AI9)+(表格6[Name]&"_5"=AI9))} -> Lo Muk Chun | AK9: {=_xlfn._xlws.FILTER(三國演義!$C$13:$C$80,三國演義!$E$13:$E$80=Roster!AI9)} -> 5 | AL9: 60 | AM9: 0 | AN9: 0.02
A10: Whampoa Aeon | B10: Jessica | C10: Jessica | D10: Jessica | E10: Jessica off | F10: Jessica off | G10: Jessica | H10: Jessica | I10: Jessica | J10: Jessica | K10: Jessica off | L10: Jessica off | M10: Jessica | N10: Jessica | O10: Jessica | P10: Jessica | Q10: Jessica off | R10: Jessica off | S10: Jessica off | T10: Jessica | U10: Jessica | V10: Jessica | W10: Jessica | X10: Jessica | Y10: Jessica | Z10: Jessica off | AA10: Jessica off | AB10: Jessica | AC10: Jessica | AD10: Jessica off | AE10: Jessica off | AF10: Jessica | AG10: =COUNTA(B10:AF10)-COUNTIF(B10:AF10,"."&"*")-COUNTIF(B10:AF10,"off")-COUNTIF(B10:AF10,"SL"&" "&"*")-COUNTIF(B10:AF10,"PH"&" "&"*")-COUNTIF(B10:AF10,"AL"&" "&"*")-COUNTIF(B10:AF10,"CL"&" "&"*")-COUNTIF(B10:AF10,"Typhoon"&" "&"*")-COUNTIF(B10:AF10,"*"&"off")-COUNTIF(B10:AF10," "&"*") -> 20 | AH10: =AG10*8 -> 160 | AI10: {=_xlfn.LET( _xlpm.data, B10:AF10, _xlpm.removeList, {" off","."," SL","xxx"}, _xlpm.cleaned, TRIM(_xlfn.REDUCE(_xlpm.data, _xlpm.removeList, _xlfn.LAMBDA(_xlpm.arr,_xlpm.str, SUBSTITUTE(_xlpm.arr, _xlpm.str, "")))), _xlpm.first, _xlfn._xlws.FILTER(_xlpm.cleaned, _xlpm.cleaned <> ""), INDEX(_xlpm.first, 1) )} -> Jessica | AJ10: {=_xlfn._xlws.FILTER(表格6[Full Name],(表格6[Name]=AI10)+(表格6[Name]&"_1"=AI10)+(表格6[Name]&"_2"=AI10)+(表格6[Name]&"_3"=AI10)+(表格6[Name]&"_4"=AI10)+(表格6[Name]&"_5"=AI10))} -> Chiu Kan | AK10: {=_xlfn._xlws.FILTER(三國演義!$C$13:$C$80,三國演義!$E$13:$E$80=Roster!AI10)} -> 6 | AL10: 55 | AM10: 80 | AN10: 0.02
A11: TKW Suning | B11: Kitty Yeung | C11: Kitty Yeung | D11: Kitty Yeung | E11: Kitty Yeung | F11: Kitty Yeung off | G11: Kitty Yeung off | H11: Kitty Yeung | I11: Kitty Yeung | J11: Kitty Yeung | K11: Kitty Yeung | L11: Kitty Yeung | M11: Kitty Yeung off | N11: Kitty Yeung off | O11: Kitty Yeung | P11: Kitty Yeung | Q11: Kitty Yeung | R11: Kitty Yeung | S11: Kitty Yeung off | T11: Kitty Yeung off | U11: Kitty Yeung off | V11: Kitty Yeung | W11: Kitty Yeung | X11: Kitty Yeung | Y11: Kitty Yeung | Z11: Kitty Yeung | AA11: Kitty Yeung off | AB11: Kitty Yeung off | AC11: Kitty Yeung | AD11: Kitty Yeung | AE11: Kitty Yeung | AF11: Kitty Yeung | AG11: =COUNTA(B11:AF11)-COUNTIF(B11:AF11,"."&"*")-COUNTIF(B11:AF11,"off")-COUNTIF(B11:AF11,"SL"&" "&"*")-COUNTIF(B11:AF11,"PH"&" "&"*")-COUNTIF(B11:AF11,"AL"&" "&"*")-COUNTIF(B11:AF11,"CL"&" "&"*")-COUNTIF(B11:AF11,"Typhoon"&" "&"*")-COUNTIF(B11:AF11,"*"&"off")-COUNTIF(B11:AF11," "&"*") -> 22 | AH11: =AG11*8 -> 176 | AI11: {=_xlfn.LET( _xlpm.data, B11:AF11, _xlpm.removeList, {" off","."," SL","xxx"}, _xlpm.cleaned, TRIM(_xlfn.REDUCE(_xlpm.data, _xlpm.removeList, _xlfn.LAMBDA(_xlpm.arr,_xlpm.str, SUBSTITUTE(_xlpm.arr, _xlpm.str, "")))), _xlpm.first, _xlfn._xlws.FILTER(_xlpm.cleaned, _xlpm.cleaned <> ""), INDEX(_xlpm.first, 1) )} -> Kitty Yeung | AJ11: {=_xlfn._xlws.FILTER(表格6[Full Name],(表格6[Name]=AI11)+(表格6[Name]&"_1"=AI11)+(表格6[Name]&"_2"=AI11)+(表格6[Name]&"_3"=AI11)+(表格6[Name]&"_4"=AI11)+(表格6[Name]&"_5"=AI11))} -> Yeung Lai Shan | AK11: {=_xlfn._xlws.FILTER(三國演義!$C$13:$C$80,三國演義!$E$13:$E$80=Roster!AI11)} -> 7 | AL11: 60 | AM11: 0 | AN11: 0.02
A12: Tai koo Broadway | B12: Amy Or_1 | C12: . | D12: . | E12: . | F12: . | G12: . | H12: Amy Or_1 | I12: . | J12: . | K12: . | L12: . | M12: . | N12: . | O12: . | P12: . | Q12: . | R12: . | S12: . | T12: . | U12: . | V12: . | W12: . | X12: . | Y12: . | Z12: . | AA12: . | AB12: . | AC12: Amy Or_1 | AD12: Amy Or_1 | AE12: . | AF12: . | AG12: =COUNTA(B12:AF12)-COUNTIF(B12:AF12,"."&"*")-COUNTIF(B12:AF12,"off")-COUNTIF(B12:AF12,"SL"&" "&"*")-COUNTIF(B12:AF12,"PH"&" "&"*")-COUNTIF(B12:AF12,"AL"&" "&"*")-COUNTIF(B12:AF12,"CL"&" "&"*")-COUNTIF(B12:AF12,"Typhoon"&" "&"*")-COUNTIF(B12:AF12,"*"&"off")-COUNTIF(B12:AF12," "&"*") -> 4 | AH12: =AG12*8 -> 32 | AI12: {=_xlfn.LET( _xlpm.data, B12:AF12, _xlpm.removeList, {" off","."," SL","xxx"}, _xlpm.cleaned, TRIM(_xlfn.REDUCE(_xlpm.data, _xlpm.removeList, _xlfn.LAMBDA(_xlpm.arr,_xlpm.str, SUBSTITUTE(_xlpm.arr, _xlpm.str, "")))), _xlpm.first, _xlfn._xlws.FILTER(_xlpm.cleaned, _xlpm.cleaned <> ""), INDEX(_xlpm.first, 1) )} -> Amy Or_1 | AJ12: {=_xlfn._xlws.FILTER(表格6[Full Name],(表格6[Name]=AI12)+(表格6[Name]&"_1"=AI12)+(表格6[Name]&"_2"=AI12)+(表格6[Name]&"_3"=AI12)+(表格6[Name]&"_4"=AI12)+(表格6[Name]&"_5"=AI12))} -> Or Sim Kiu | AK12: {=_xlfn._xlws.FILTER(三國演義!$C$13:$C$80,三國演義!$E$13:$E$80=Roster!AI12)} -> 8 | AL12: 55 | AM12: 30 | AN12: 0.02
A13: Diamond Hill_1 Broadway | B13: Fong_1 | C13: . | D13: . | E13: . | F13: . | G13: . | H13: Fong_1 | I13: Fong_1 | J13: . | K13: . | L13: . | M13: . | N13: . | O13: Fong_1 | P13: Fong_1 | Q13: . | R13: . | S13: . | T13: . | U13: . | V13: . | W13: . | X13: . | Y13: . | Z13: . | AA13: . | AB13: . | AC13: Fong_1 | AD13: Fong_1 | AE13: . | AF13: . | AG13: =COUNTA(B13:AF13)-COUNTIF(B13:AF13,"."&"*")-COUNTIF(B13:AF13,"off")-COUNTIF(B13:AF13,"SL"&" "&"*")-COUNTIF(B13:AF13,"PH"&" "&"*")-COUNTIF(B13:AF13,"AL"&" "&"*")-COUNTIF(B13:AF13,"CL"&" "&"*")-COUNTIF(B13:AF13,"Typhoon"&" "&"*")-COUNTIF(B13:AF13,"*"&"off")-COUNTIF(B13:AF13," "&"*") -> 7 | AH13: =AG13*8 -> 56 | AI13: {=_xlfn.LET( _xlpm.data, B13:AF13, _xlpm.removeList, {" off","."," SL","xxx"}, _xlpm.cleaned, TRIM(_xlfn.REDUCE(_xlpm.data, _xlpm.removeList, _xlfn.LAMBDA(_xlpm.arr,_xlpm.str, SUBSTITUTE(_xlpm.arr, _xlpm.str, "")))), _xlpm.first, _xlfn._xlws.FILTER(_xlpm.cleaned, _xlpm.cleaned <> ""), INDEX(_xlpm.first, 1) )} -> Fong_1 | AJ13: {=_xlfn._xlws.FILTER(表格6[Full Name],(表格6[Name]=AI13)+(表格6[Name]&"_1"=AI13)+(表格6[Name]&"_2"=AI13)+(表格6[Name]&"_3"=AI13)+(表格6[Name]&"_4"=AI13)+(表格6[Name]&"_5"=AI13))} -> Ng Nga Fong | AK13: {=_xlfn._xlws.FILTER(三國演義!$C$13:$C$80,三國演義!$E$13:$E$80=Roster!AI13)} -> 9 | AL13: 60 | AM13: 0 | AN13: 0.02
A14: Diamond Hill_2 Broadway | B14: . | C14: . | D14: . | E14: . | F14: . | G14: . | H14: . | I14: . | J14: . | K14: . | L14: . | M14: . | N14: . | O14: . | P14: . | Q14: . | R14: . | S14: . | T14: . | U14: . | V14: Mui Chan_2 | W14: Mui Chan_2 | X14: . | Y14: . | Z14: . | AA14: . | AB14: . | AC14: . | AD14: . | AE14: . | AF14: . | AG14: =COUNTA(B14:AF14)-COUNTIF(B14:AF14,"."&"*")-COUNTIF(B14:AF14,"off")-COUNTIF(B14:AF14,"SL"&" "&"*")-COUNTIF(B14:AF14,"PH"&" "&"*")-COUNTIF(B14:AF14,"AL"&" "&"*")-COUNTIF(B14:AF14,"CL"&" "&"*")-COUNTIF(B14:AF14,"Typhoon"&" "&"*")-COUNTIF(B14:AF14,"*"&"off")-COUNTIF(B14:AF14," "&"*") -> 2 | AH14: =AG14*8 -> 16 | AI14: {=_xlfn.LET( _xlpm.data, B14:AF14, _xlpm.removeList, {" off","."," SL","xxx"}, _xlpm.cleaned, TRIM(_xlfn.REDUCE(_xlpm.data, _xlpm.removeList, _xlfn.LAMBDA(_xlpm.arr,_xlpm.str, SUBSTITUTE(_xlpm.arr, _xlpm.str, "")))), _xlpm.first, _xlfn._xlws.FILTER(_xlpm.cleaned, _xlpm.cleaned <> ""), INDEX(_xlpm.first, 1) )} -> Mui Chan_2 | AJ14: {=_xlfn._xlws.FILTER(表格6[Full Name],(表格6[Name]=AI14)+(表格6[Name]&"_1"=AI14)+(表格6[Name]&"_2"=AI14)+(表格6[Name]&"_3"=AI14)+(表格6[Name]&"_4"=AI14)+(表格6[Name]&"_5"=AI14))} -> Chan So Mui | AK14: {=_xlfn._xlws.FILTER(三國演義!$C$13:$C$80,三國演義!$E$13:$E$80=Roster!AI14)} -> 10 | AL14: 60 | AM14: 0
A15: TW_1 Citistore | B15: Shan_1 | C15: Shan_1 | D15: . | E15: . | F15: Shan_1 | G15: Shan_1 | H15: Shan_1 | I15: Shan_1 | J15: Shan_1 | K15: Shan_1 | L15: . | M15: . | N15: . | O15: Shan_1 | P15: Shan_1 | Q15: Shan_1 | R15: Shan_1 | S15: . | T15: . | U15: Shan_1 | V15: Shan_1 | W15: Shan_1 | X15: Shan_1 | Y15: . | Z15: . | AA15: . | AB15: . | AC15: . | AD15: . | AE15: . | AF15: . | AG15: =COUNTA(B15:AF15)-COUNTIF(B15:AF15,"."&"*")-COUNTIF(B15:AF15,"off")-COUNTIF(B15:AF15,"SL"&" "&"*")-COUNTIF(B15:AF15,"PH"&" "&"*")-COUNTIF(B15:AF15,"AL"&" "&"*")-COUNTIF(B15:AF15,"CL"&" "&"*")-COUNTIF(B15:AF15,"Typhoon"&" "&"*")-COUNTIF(B15:AF15,"*"&"off")-COUNTIF(B15:AF15," "&"*") -> 16 | AH15: =AG15*9 -> 144 | AI15: {=_xlfn.LET( _xlpm.data, B15:AF15, _xlpm.removeList, {" off","."," SL","xxx"}, _xlpm.cleaned, TRIM(_xlfn.REDUCE(_xlpm.data, _xlpm.removeList, _xlfn.LAMBDA(_xlpm.arr,_xlpm.str, SUBSTITUTE(_xlpm.arr, _xlpm.str, "")))), _xlpm.first, _xlfn._xlws.FILTER(_xlpm.cleaned, _xlpm.cleaned <> ""), INDEX(_xlpm.first, 1) )} -> Shan_1 | AJ15: {=_xlfn._xlws.FILTER(表格6[Full Name],(表格6[Name]=AI15)+(表格6[Name]&"_1"=AI15)+(表格6[Name]&"_2"=AI15)+(表格6[Name]&"_3"=AI15)+(表格6[Name]&"_4"=AI15)+(表格6[Name]&"_5"=AI15))} -> Chiu Fung Shan | AK15: {=_xlfn._xlws.FILTER(三國演義!$C$13:$C$80,三國演義!$E$13:$E$80=Roster!AI15)} -> 11 | AL15: 60 | AM15: 0 | AN15: 0.02
A16: TW_2 Citistore | B16: . | C16: . | D16: Wendy Wong_1 | E16: Wendy Wong_1 | F16: . | G16: . | H16: . | I16: . | J16: . | K16: . | L16: Wendy Wong_1 | M16: . | N16: Wendy Wong_1 | O16: . | P16: . | Q16: . | R16: . | S16: Wendy Wong_1 | T16: Wendy Wong_1 | U16: . | V16: . | W16: . | X16: . | Y16: Wendy Wong_1 | Z16: . | AA16: . | AB16: . | AC16: . | AD16: . | AE16: . | AF16: . | AG16: =COUNTA(B16:AF16)-COUNTIF(B16:AF16,"."&"*")-COUNTIF(B16:AF16,"off")-COUNTIF(B16:AF16,"SL"&" "&"*")-COUNTIF(B16:AF16,"PH"&" "&"*")-COUNTIF(B16:AF16,"AL"&" "&"*")-COUNTIF(B16:AF16,"CL"&" "&"*")-COUNTIF(B16:AF16,"Typhoon"&" "&"*")-COUNTIF(B16:AF16,"*"&"off")-COUNTIF(B16:AF16," "&"*") -> 7 | AH16: =AG16*9 -> 63 | AI16: {=_xlfn.LET( _xlpm.data, B16:AF16, _xlpm.removeList, {" off","."," SL","xxx"}, _xlpm.cleaned, TRIM(_xlfn.REDUCE(_xlpm.data, _xlpm.removeList, _xlfn.LAMBDA(_xlpm.arr,_xlpm.str, SUBSTITUTE(_xlpm.arr, _xlpm.str, "")))), _xlpm.first, _xlfn._xlws.FILTER(_xlpm.cleaned, _xlpm.cleaned <> ""), INDEX(_xlpm.first, 1) )} -> Wendy Wong_1 | AJ16: {=_xlfn._xlws.FILTER(表格6[Full Name],(表格6[Name]=AI16)+(表格6[Name]&"_1"=AI16)+(表格6[Name]&"_2"=AI16)+(表格6[Name]&"_3"=AI16)+(表格6[Name]&"_4"=AI16)+(表格6[Name]&"_5"=AI16))} -> Wong Lai Ying | AK16: {=_xlfn._xlws.FILTER(三國演義!$C$13:$C$80,三國演義!$E$13:$E$80=Roster!AI16)} -> 12 | AL16: 60 | AM16: 0 | AN16: 0.02
A17: TW_3 Citistore | B17: . | C17: . | D17: . | E17: . | F17: . | G17: . | H17: . | I17: . | J17: . | K17: . | L17: . | M17: Mandy | N17: . | O17: . | P17: . | Q17: . | R17: . | S17: . | T17: . | U17: . | V17: . | W17: . | X17: . | Y17: . | Z17: . | AA17: . | AB17: . | AC17: . | AD17: . | AE17: . | AF17: . | AG17: =COUNTA(B17:AF17)-COUNTIF(B17:AF17,"."&"*")-COUNTIF(B17:AF17,"off")-COUNTIF(B17:AF17,"SL"&" "&"*")-COUNTIF(B17:AF17,"PH"&" "&"*")-COUNTIF(B17:AF17,"AL"&" "&"*")-COUNTIF(B17:AF17,"CL"&" "&"*")-COUNTIF(B17:AF17,"Typhoon"&" "&"*")-COUNTIF(B17:AF17,"*"&"off")-COUNTIF(B17:AF17," "&"*") -> 1 | AH17: =AG17*9 -> 9 | AI17: {=_xlfn.LET( _xlpm.data, B17:AF17, _xlpm.removeList, {" off","."," SL","xxx"}, _xlpm.cleaned, TRIM(_xlfn.REDUCE(_xlpm.data, _xlpm.removeList, _xlfn.LAMBDA(_xlpm.arr,_xlpm.str, SUBSTITUTE(_xlpm.arr, _xlpm.str, "")))), _xlpm.first, _xlfn._xlws.FILTER(_xlpm.cleaned, _xlpm.cleaned <> ""), INDEX(_xlpm.first, 1) )} -> Mandy | AJ17: {=_xlfn._xlws.FILTER(表格6[Full Name],(表格6[Name]=AI17)+(表格6[Name]&"_1"=AI17)+(表格6[Name]&"_2"=AI17)+(表格6[Name]&"_3"=AI17)+(表格6[Name]&"_4"=AI17)+(表格6[Name]&"_5"=AI17))} -> Ho Lai Sim | AK17: {=_xlfn._xlws.FILTER(三國演義!$C$13:$C$80,三國演義!$E$13:$E$80=Roster!AI17)} -> 13 | AL17: 60 | AM17: 0 | AN17: 0.02
A18: TW RS_1 Citistore | B18: . | C18: . | D18: . | E18: . | F18: . | G18: . | H18: . | I18: . | J18: . | K18: . | L18: . | M18: . | N18: . | O18: . | P18: . | Q18: . | R18: . | S18: . | T18: . | U18: . | V18: . | W18: . | X18: . | Y18: . | Z18: Shan_2 | AA18: Shan_2 | AB18: Shan_2 | AC18: Shan_2 | AD18: Shan_2 | AE18: Shan_2 | AF18: Shan_2 | AG18: =COUNTA(B18:AF18)-COUNTIF(B18:AF18,"."&"*")-COUNTIF(B18:AF18,"off")-COUNTIF(B18:AF18,"SL"&" "&"*")-COUNTIF(B18:AF18,"PH"&" "&"*")-COUNTIF(B18:AF18,"AL"&" "&"*")-COUNTIF(B18:AF18,"CL"&" "&"*")-COUNTIF(B18:AF18,"Typhoon"&" "&"*")-COUNTIF(B18:AF18,"*"&"off")-COUNTIF(B18:AF18," "&"*") -> 7 | AH18: =AG18*8 -> 56 | AI18: {=_xlfn.LET( _xlpm.data, B18:AF18, _xlpm.removeList, {" off","."," SL","xxx"}, _xlpm.cleaned, TRIM(_xlfn.REDUCE(_xlpm.data, _xlpm.removeList, _xlfn.LAMBDA(_xlpm.arr,_xlpm.str, SUBSTITUTE(_xlpm.arr, _xlpm.str, "")))), _xlpm.first, _xlfn._xlws.FILTER(_xlpm.cleaned, _xlpm.cleaned <> ""), INDEX(_xlpm.first, 1) )} -> Shan_2 | AJ18: {=_xlfn._xlws.FILTER(表格6[Full Name],(表格6[Name]=AI18)+(表格6[Name]&"_1"=AI18)+(表格6[Name]&"_2"=AI18)+(表格6[Name]&"_3"=AI18)+(表格6[Name]&"_4"=AI18)+(表格6[Name]&"_5"=AI18))} -> Chiu Fung Shan | AK18: {=_xlfn._xlws.FILTER(三國演義!$C$13:$C$80,三國演義!$E$13:$E$80=Roster!AI18)} -> 14 | AL18: 60 | AM18: 0
A19: TW RS_2 Citistore | B19: . | C19: . | D19: . | E19: . | F19: . | G19: . | H19: . | I19: . | J19: . | K19: . | L19: . | M19: . | N19: . | O19: . | P19: . | Q19: . | R19: . | S19: . | T19: . | U19: . | V19: . | W19: . | X19: . | Y19: . | Z19: . | AA19: . | AB19: Wendy Wong_2 | AC19: Wendy Wong_2 | AD19: Wendy Wong_2 | AE19: . | AF19: . | AG19: =COUNTA(B19:AF19)-COUNTIF(B19:AF19,"."&"*")-COUNTIF(B19:AF19,"off")-COUNTIF(B19:AF19,"SL"&" "&"*")-COUNTIF(B19:AF19,"PH"&" "&"*")-COUNTIF(B19:AF19,"AL"&" "&"*")-COUNTIF(B19:AF19,"CL"&" "&"*")-COUNTIF(B19:AF19,"Typhoon"&" "&"*")-COUNTIF(B19:AF19,"*"&"off")-COUNTIF(B19:AF19," "&"*") -> 3 | AH19: =AG19*8 -> 24 | AI19: {=_xlfn.LET( _xlpm.data, B19:AF19, _xlpm.removeList, {" off","."," SL","xxx"}, _xlpm.cleaned, TRIM(_xlfn.REDUCE(_xlpm.data, _xlpm.removeList, _xlfn.LAMBDA(_xlpm.arr,_xlpm.str, SUBSTITUTE(_xlpm.arr, _xlpm.str, "")))), _xlpm.first, _xlfn._xlws.FILTER(_xlpm.cleaned, _xlpm.cleaned <> ""), INDEX(_xlpm.first, 1) )} -> Wendy Wong_2 | AJ19: {=_xlfn._xlws.FILTER(表格6[Full Name],(表格6[Name]=AI19)+(表格6[Name]&"_1"=AI19)+(表格6[Name]&"_2"=AI19)+(表格6[Name]&"_3"=AI19)+(表格6[Name]&"_4"=AI19)+(表格6[Name]&"_5"=AI19))} -> Wong Lai Ying | AK19: {=_xlfn._xlws.FILTER(三國演義!$C$13:$C$80,三國演義!$E$13:$E$80=Roster!AI19)} -> 15 | AL19: 60 | AM19: 0
A20: Tai Koo Fortress | B20: Kiko | C20: Kiko | D20: Kiko | E20: Kiko off | F20: Kiko off | G20: Kiko off | H20: Kiko | I20: Kiko | J20: Kiko | K20: Kiko | L20: Kiko | M20: Kiko off | N20: Kiko off | O20: Kiko | P20: Kiko | Q20: Kiko | R20: Kiko | S20: Kiko | T20: Kiko off | U20: Kiko off | V20: Kiko | W20: Kiko | X20: Kiko | Y20: Kiko | Z20: Kiko | AA20: Kiko off | AB20: Kiko off | AC20: Kiko | AD20: Kiko | AE20: Kiko | AF20: Kiko | AG20: =COUNTA(B20:AF20)-COUNTIF(B20:AF20,"."&"*")-COUNTIF(B20:AF20,"off")-COUNTIF(B20:AF20,"SL"&" "&"*")-COUNTIF(B20:AF20,"PH"&" "&"*")-COUNTIF(B20:AF20,"AL"&" "&"*")-COUNTIF(B20:AF20,"CL"&" "&"*")-COUNTIF(B20:AF20,"Typhoon"&" "&"*")-COUNTIF(B20:AF20,"*"&"off")-COUNTIF(B20:AF20," "&"*") -> 22 | AH20: =AG20*8 -> 176 | AI20: {=_xlfn.LET( _xlpm.data, B20:AF20, _xlpm.removeList, {" off","."," SL","xxx"}, _xlpm.cleaned, TRIM(_xlfn.REDUCE(_xlpm.data, _xlpm.removeList, _xlfn.LAMBDA(_xlpm.arr,_xlpm.str, SUBSTITUTE(_xlpm.arr, _xlpm.str, "")))), _xlpm.first, _xlfn._xlws.FILTER(_xlpm.cleaned, _xlpm.cleaned <> ""), INDEX(_xlpm.first, 1) )} -> Kiko | AJ20: {=_xlfn._xlws.FILTER(表格6[Full Name],(表格6[Name]=AI20)+(表格6[Name]&"_1"=AI20)+(表格6[Name]&"_2"=AI20)+(表格6[Name]&"_3"=AI20)+(表格6[Name]&"_4"=AI20)+(表格6[Name]&"_5"=AI20))} -> Chan Mei Sim | AK20: {=_xlfn._xlws.FILTER(三國演義!$C$13:$C$80,三國演義!$E$13:$E$80=Roster!AI20)} -> 16 | AL20: 60 | AM20: 0 | AN20: 0.02
A21: Tung Chun Fortress | B21: Jaco off | C21: Jaco | D21: Jaco | E21: Jaco | F21: Jaco | G21: Jaco off | H21: Jaco | I21: Jaco | J21: Jaco | K21: Jaco | L21: Jaco | M21: Jaco off | N21: Jaco off | O21: Jaco | P21: Jaco | Q21: Jaco | R21: Jaco | S21: Jaco off | T21: Jaco off | U21: Jaco | V21: Jaco | W21: Jaco | X21: Jaco | Y21: Jaco | Z21: Jaco | AA21: Jaco off | AB21: Jaco off | AC21: Jaco off | AD21: Jaco | AE21: Jaco | AF21: Jaco | AG21: =COUNTA(B21:AF21)-COUNTIF(B21:AF21,"."&"*")-COUNTIF(B21:AF21,"off")-COUNTIF(B21:AF21,"SL"&" "&"*")-COUNTIF(B21:AF21,"PH"&" "&"*")-COUNTIF(B21:AF21,"AL"&" "&"*")-COUNTIF(B21:AF21,"CL"&" "&"*")-COUNTIF(B21:AF21,"Typhoon"&" "&"*")-COUNTIF(B21:AF21,"*"&"off")-COUNTIF(B21:AF21," "&"*") -> 22 | AH21: =AG21*8-6 -> 170 | AI21: {=_xlfn.LET( _xlpm.data, B21:AF21, _xlpm.removeList, {" off","."," SL","xxx"}, _xlpm.cleaned, TRIM(_xlfn.REDUCE(_xlpm.data, _xlpm.removeList, _xlfn.LAMBDA(_xlpm.arr,_xlpm.str, SUBSTITUTE(_xlpm.arr, _xlpm.str, "")))), _xlpm.first, _xlfn._xlws.FILTER(_xlpm.cleaned, _xlpm.cleaned <> ""), INDEX(_xlpm.first, 1) )} -> Jaco | AJ21: {=_xlfn._xlws.FILTER(表格6[Full Name],(表格6[Name]=AI21)+(表格6[Name]&"_1"=AI21)+(表格6[Name]&"_2"=AI21)+(表格6[Name]&"_3"=AI21)+(表格6[Name]&"_4"=AI21)+(表格6[Name]&"_5"=AI21))} -> Ka Kui,Jaco | AK21: {=_xlfn._xlws.FILTER(三國演義!$C$13:$C$80,三國演義!$E$13:$E$80=Roster!AI21)} -> 17 | AL21: 60 | AM21: 0 | AN21: 0.02
A22: TM Suning | B22: Daisy | C22: Daisy | D22: Daisy | E22: Daisy | F22: Daisy off | G22: Daisy off | H22: Daisy | I22: Daisy | J22: Daisy | K22: Daisy | L22: Daisy off | M22: Daisy off | N22: Daisy off | O22: Daisy | P22: Daisy | Q22: Daisy | R22: Daisy | S22: Daisy | T22: Daisy off | U22: Daisy | V22: Daisy | W22: Daisy | X22: Daisy | Y22: Daisy | Z22: Daisy | AA22: Daisy off | AB22: Daisy off | AC22: Daisy | AD22: Daisy | AE22: Daisy | AF22: Daisy | AG22: =COUNTA(B22:AF22)-COUNTIF(B22:AF22,"."&"*")-COUNTIF(B22:AF22,"off")-COUNTIF(B22:AF22,"SL"&" "&"*")-COUNTIF(B22:AF22,"PH"&" "&"*")-COUNTIF(B22:AF22,"AL"&" "&"*")-COUNTIF(B22:AF22,"CL"&" "&"*")-COUNTIF(B22:AF22,"Typhoon"&" "&"*")-COUNTIF(B22:AF22,"*"&"off")-COUNTIF(B22:AF22," "&"*") -> 23 | AH22: =AG22*8 -> 184 | AI22: {=_xlfn.LET( _xlpm.data, B22:AF22, _xlpm.removeList, {" off","."," SL","xxx"}, _xlpm.cleaned, TRIM(_xlfn.REDUCE(_xlpm.data, _xlpm.removeList, _xlfn.LAMBDA(_xlpm.arr,_xlpm.str, SUBSTITUTE(_xlpm.arr, _xlpm.str, "")))), _xlpm.first, _xlfn._xlws.FILTER(_xlpm.cleaned, _xlpm.cleaned <> ""), INDEX(_xlpm.first, 1) )} -> Daisy | AJ22: {=_xlfn._xlws.FILTER(表格6[Full Name],(表格6[Name]=AI22)+(表格6[Name]&"_1"=AI22)+(表格6[Name]&"_2"=AI22)+(表格6[Name]&"_3"=AI22)+(表格6[Name]&"_4"=AI22)+(表格6[Name]&"_5"=AI22))} -> Yeung Kwai Lin | AK22: {=_xlfn._xlws.FILTER(三國演義!$C$13:$C$80,三國演義!$E$13:$E$80=Roster!AI22)} -> 18 | AL22: 60 | AM22: 0 | AN22: 0.02
A23: Mos_1 Citistore | B23: Pam | C23: Pam off | D23: Pam | E23: Pam | F23: Pam | G23: Pam off | H23: Pam | I23: Pam | J23: Pam | K23: Pam | L23: Pam off | M23: Pam | N23: Pam | O23: Pam | P23: Pam | Q23: Pam | R23: Pam off | S23: Pam | T23: Pam off | U23: Pam off | V23: . | W23: . | X23: Pam off | Y23: Pam | Z23: Pam | AA23: Pam | AB23: Pam off | AC23: Pam | AD23: Pam | AE23: Pam | AF23: Pam | AG23: =COUNTA(B23:AF23)-COUNTIF(B23:AF23,"."&"*")-COUNTIF(B23:AF23,"off")-COUNTIF(B23:AF23,"SL"&" "&"*")-COUNTIF(B23:AF23,"PH"&" "&"*")-COUNTIF(B23:AF23,"AL"&" "&"*")-COUNTIF(B23:AF23,"CL"&" "&"*")-COUNTIF(B23:AF23,"Typhoon"&" "&"*")-COUNTIF(B23:AF23,"*"&"off")-COUNTIF(B23:AF23," "&"*") -> 21 | AH23: =AG23*8 -> 168 | AI23: {=_xlfn.LET( _xlpm.data, B23:AF23, _xlpm.removeList, {" off","."," SL","xxx"}, _xlpm.cleaned, TRIM(_xlfn.REDUCE(_xlpm.data, _xlpm.removeList, _xlfn.LAMBDA(_xlpm.arr,_xlpm.str, SUBSTITUTE(_xlpm.arr, _xlpm.str, "")))), _xlpm.first, _xlfn._xlws.FILTER(_xlpm.cleaned, _xlpm.cleaned <> ""), INDEX(_xlpm.first, 1) )} -> Pam | AJ23: {=_xlfn._xlws.FILTER(表格6[Full Name],(表格6[Name]=AI23)+(表格6[Name]&"_1"=AI23)+(表格6[Name]&"_2"=AI23)+(表格6[Name]&"_3"=AI23)+(表格6[Name]&"_4"=AI23)+(表格6[Name]&"_5"=AI23))} -> Tam Wing Lam | AK23: {=_xlfn._xlws.FILTER(三國演義!$C$13:$C$80,三國演義!$E$13:$E$80=Roster!AI23)} -> 19 | AL23: 55 | AM23: 0 | AN23: 0.02
A24: Mos_2 Citistore | B24: . | C24: . | D24: . | E24: . | F24: . | G24: . | H24: . | I24: . | J24: . | K24: . | L24: . | M24: . | N24: . | O24: . | P24: . | Q24: . | R24: . | S24: . | T24: . | U24: . | V24: Tony_4 | W24: Tony_4 | X24: . | Y24: . | Z24: . | AA24: . | AB24: . | AC24: . | AD24: . | AE24: . | AF24: . | AG24: =COUNTA(B24:AF24)-COUNTIF(B24:AF24,"."&"*")-COUNTIF(B24:AF24,"off")-COUNTIF(B24:AF24,"SL"&" "&"*")-COUNTIF(B24:AF24,"PH"&" "&"*")-COUNTIF(B24:AF24,"AL"&" "&"*")-COUNTIF(B24:AF24,"CL"&" "&"*")-COUNTIF(B24:AF24,"Typhoon"&" "&"*")-COUNTIF(B24:AF24,"*"&"off")-COUNTIF(B24:AF24," "&"*") -> 2 | AH24: =AG24*8 -> 16 | AI24: {=_xlfn.LET( _xlpm.data, B24:AF24, _xlpm.removeList, {" off","."," SL","xxx"}, _xlpm.cleaned, TRIM(_xlfn.REDUCE(_xlpm.data, _xlpm.removeList, _xlfn.LAMBDA(_xlpm.arr,_xlpm.str, SUBSTITUTE(_xlpm.arr, _xlpm.str, "")))), _xlpm.first, _xlfn._xlws.FILTER(_xlpm.cleaned, _xlpm.cleaned <> ""), INDEX(_xlpm.first, 1) )} -> Tony_4 | AJ24: {=_xlfn._xlws.FILTER(表格6[Full Name],(表格6[Name]=AI24)+(表格6[Name]&"_1"=AI24)+(表格6[Name]&"_2"=AI24)+(表格6[Name]&"_3"=AI24)+(表格6[Name]&"_4"=AI24)+(表格6[Name]&"_5"=AI24))} -> Wong Tak Chung | AK24: {=_xlfn._xlws.FILTER(三國演義!$C$13:$C$80,三國演義!$E$13:$E$80=Roster!AI24)} -> 20 | AL24: 60 | AM24: 0
A25: TM_1 Aeon | B25: Lily Hon | C25: Lily Hon | D25: Lily Hon off | E25: Lily Hon | F25: Lily Hon off | G25: Lily Hon | H25: Lily Hon off | I25: Lily Hon | J25: Lily Hon | K25: Lily Hon off | L25: Lily Hon | M25: Lily Hon off | N25: Lily Hon | O25: Lily Hon off | P25: Lily Hon off | Q25: Lily Hon off | R25: . | S25: . | T25: Lily Hon off | U25: Lily Hon off | V25: Lily Hon off | W25: Lily Hon | X25: Lily Hon | Y25: Lily Hon | Z25: Lily Hon | AA25: . | AB25: Lily Hon | AC25: Lily Hon | AD25: Lily Hon | AE25: . | AF25: Lily Hon | AG25: =COUNTA(B25:AF25)-COUNTIF(B25:AF25,"."&"*")-COUNTIF(B25:AF25,"off")-COUNTIF(B25:AF25,"SL"&" "&"*")-COUNTIF(B25:AF25,"PH"&" "&"*")-COUNTIF(B25:AF25,"AL"&" "&"*")-COUNTIF(B25:AF25,"CL"&" "&"*")-COUNTIF(B25:AF25,"Typhoon"&" "&"*")-COUNTIF(B25:AF25,"*"&"off")-COUNTIF(B25:AF25," "&"*") -> 16 | AH25: =AG25*8 -> 128 | AI25: {=_xlfn.LET( _xlpm.data, B25:AF25, _xlpm.removeList, {" off","."," SL","xxx"}, _xlpm.cleaned, TRIM(_xlfn.REDUCE(_xlpm.data, _xlpm.removeList, _xlfn.LAMBDA(_xlpm.arr,_xlpm.str, SUBSTITUTE(_xlpm.arr, _xlpm.str, "")))), _xlpm.first, _xlfn._xlws.FILTER(_xlpm.cleaned, _xlpm.cleaned <> ""), INDEX(_xlpm.first, 1) )} -> Lily Hon | AJ25: {=_xlfn._xlws.FILTER(表格6[Full Name],(表格6[Name]=AI25)+(表格6[Name]&"_1"=AI25)+(表格6[Name]&"_2"=AI25)+(表格6[Name]&"_3"=AI25)+(表格6[Name]&"_4"=AI25)+(表格6[Name]&"_5"=AI25))} -> Hon Lily | AK25: {=_xlfn._xlws.FILTER(三國演義!$C$13:$C$80,三國演義!$E$13:$E$80=Roster!AI25)} -> 21 | AL25: 55 | AM25: 30 | AN25: 0.02
A26: TM_2 Aeon | B26: . | C26: . | D26: . | E26: . | F26: . | G26: . | H26: . | I26: . | J26: . | K26: . | L26: . | M26: . | N26: . | O26: . | P26: . | Q26: . | R26: Ho_3 | S26: Ho_3 | T26: . | U26: . | V26: . | W26: . | X26: . | Y26: . | Z26: . | AA26: Ho_3 | AB26: . | AC26: . | AD26: . | AE26: Ho_3 | AF26: . | AG26: =COUNTA(B26:AF26)-COUNTIF(B26:AF26,"."&"*")-COUNTIF(B26:AF26,"off")-COUNTIF(B26:AF26,"SL"&" "&"*")-COUNTIF(B26:AF26,"PH"&" "&"*")-COUNTIF(B26:AF26,"AL"&" "&"*")-COUNTIF(B26:AF26,"CL"&" "&"*")-COUNTIF(B26:AF26,"Typhoon"&" "&"*")-COUNTIF(B26:AF26,"*"&"off")-COUNTIF(B26:AF26," "&"*") -> 4 | AH26: =AG26*8 -> 32 | AI26: {=_xlfn.LET( _xlpm.data, B26:AF26, _xlpm.removeList, {" off","."," SL","xxx"}, _xlpm.cleaned, TRIM(_xlfn.REDUCE(_xlpm.data, _xlpm.removeList, _xlfn.LAMBDA(_xlpm.arr,_xlpm.str, SUBSTITUTE(_xlpm.arr, _xlpm.str, "")))), _xlpm.first, _xlfn._xlws.FILTER(_xlpm.cleaned, _xlpm.cleaned <> ""), INDEX(_xlpm.first, 1) )} -> Ho_3 | AJ26: {=_xlfn._xlws.FILTER(表格6[Full Name],(表格6[Name]=AI26)+(表格6[Name]&"_1"=AI26)+(表格6[Name]&"_2"=AI26)+(表格6[Name]&"_3"=AI26)+(表格6[Name]&"_4"=AI26)+(表格6[Name]&"_5"=AI26))} -> Kwan Tit Ho | AK26: {=_xlfn._xlws.FILTER(三國演義!$C$13:$C$80,三國演義!$E$13:$E$80=Roster!AI26)} -> 22 | AL26: 55 | AM26: 0 | AN26: 0.02
A27: TW Fortress | B27: Kandy | C27: . | D27: . | E27: . | F27: . | G27: . | H27: Kandy | I27: Kandy | J27: . | K27: . | L27: . | M27: . | N27: . | O27: . | P27: . | Q27: . | R27: . | S27: . | T27: . | U27: . | V27: Kandy | W27: Kandy | X27: . | Y27: . | Z27: . | AA27: . | AB27: . | AC27: Kandy | AD27: Kandy | AE27: . | AF27: . | AG27: =COUNTA(B27:AF27)-COUNTIF(B27:AF27,"."&"*")-COUNTIF(B27:AF27,"off")-COUNTIF(B27:AF27,"SL"&" "&"*")-COUNTIF(B27:AF27,"PH"&" "&"*")-COUNTIF(B27:AF27,"AL"&" "&"*")-COUNTIF(B27:AF27,"CL"&" "&"*")-COUNTIF(B27:AF27,"Typhoon"&" "&"*")-COUNTIF(B27:AF27,"*"&"off")-COUNTIF(B27:AF27," "&"*") -> 7 | AH27: =AG27*8 -> 56 | AI27: {=_xlfn.LET( _xlpm.data, B27:AF27, _xlpm.removeList, {" off","."," SL","xxx"}, _xlpm.cleaned, TRIM(_xlfn.REDUCE(_xlpm.data, _xlpm.removeList, _xlfn.LAMBDA(_xlpm.arr,_xlpm.str, SUBSTITUTE(_xlpm.arr, _xlpm.str, "")))), _xlpm.first, _xlfn._xlws.FILTER(_xlpm.cleaned, _xlpm.cleaned <> ""), INDEX(_xlpm.first, 1) )} -> Kandy | AJ27: {=_xlfn._xlws.FILTER(表格6[Full Name],(表格6[Name]=AI27)+(表格6[Name]&"_1"=AI27)+(表格6[Name]&"_2"=AI27)+(表格6[Name]&"_3"=AI27)+(表格6[Name]&"_4"=AI27)+(表格6[Name]&"_5"=AI27))} -> Sin Hoi Yam | AK27: {=_xlfn._xlws.FILTER(三國演義!$C$13:$C$80,三國演義!$E$13:$E$80=Roster!AI27)} -> 23 | AL27: 55 | AM27: 0 | AN27: 0.02
A28: TW Suning | B28: Hung | C28: Hung | D28: Hung | E28: Hung | F28: Hung off | G28: Hung | H28: Hung | I28: Hung | J28: Hung | K28: Hung | L28: Hung | M28: Hung | N28: Hung off | O28: Hung | P28: Hung | Q28: Hung | R28: Hung | S28: Hung | T28: Hung off | U28: Hung | V28: Hung | W28: Hung | X28: Hung | Y28: Hung | Z28: Hung | AA28: Hung off | AB28: Hung off | AC28: Hung off | AD28: Hung off | AE28: Hung off | AF28: Hung off | AG28: =COUNTA(B28:AF28)-COUNTIF(B28:AF28,"."&"*")-COUNTIF(B28:AF28,"off")-COUNTIF(B28:AF28,"SL"&" "&"*")-COUNTIF(B28:AF28,"PH"&" "&"*")-COUNTIF(B28:AF28,"AL"&" "&"*")-COUNTIF(B28:AF28,"CL"&" "&"*")-COUNTIF(B28:AF28,"Typhoon"&" "&"*")-COUNTIF(B28:AF28,"*"&"off")-COUNTIF(B28:AF28," "&"*") -> 22 | AH28: =AG28*8 -> 176 | AI28: {=_xlfn.LET( _xlpm.data, B28:AF28, _xlpm.removeList, {" off","."," SL","xxx"}, _xlpm.cleaned, TRIM(_xlfn.REDUCE(_xlpm.data, _xlpm.removeList, _xlfn.LAMBDA(_xlpm.arr,_xlpm.str, SUBSTITUTE(_xlpm.arr, _xlpm.str, "")))), _xlpm.first, _xlfn._xlws.FILTER(_xlpm.cleaned, _xlpm.cleaned <> ""), INDEX(_xlpm.first, 1) )} -> Hung | AJ28: {=_xlfn._xlws.FILTER(表格6[Full Name],(表格6[Name]=AI28)+(表格6[Name]&"_1"=AI28)+(表格6[Name]&"_2"=AI28)+(表格6[Name]&"_3"=AI28)+(表格6[Name]&"_4"=AI28)+(表格6[Name]&"_5"=AI28))} -> Hui Man Hung | AK28: {=_xlfn._xlws.FILTER(三國演義!$C$13:$C$80,三國演義!$E$13:$E$80=Roster!AI28)} -> 24 | AL28: 60 | AM28: 0 | AN28: 0.02
A29: Yoho Suning | B29: Leo off | C29: Leo | D29: Leo | E29: Leo off | F29: Leo | G29: Leo off | H29: Leo | I29: Leo | J29: Leo | K29: Leo | L29: Leo off | M29: Leo | N29: Leo | O29: Leo | P29: Leo | Q29: Leo | R29: Leo | S29: Leo off | T29: Leo | U29: Leo | V29: Leo | W29: Leo | X29: Leo | Y29: Leo | Z29: Leo off | AA29: Leo | AB29: Leo off | AC29: Leo off | AD29: Leo | AE29: Leo | AF29: Leo | AG29: =COUNTA(B29:AF29)-COUNTIF(B29:AF29,"."&"*")-COUNTIF(B29:AF29,"off")-COUNTIF(B29:AF29,"SL"&" "&"*")-COUNTIF(B29:AF29,"PH"&" "&"*")-COUNTIF(B29:AF29,"AL"&" "&"*")-COUNTIF(B29:AF29,"CL"&" "&"*")-COUNTIF(B29:AF29,"Typhoon"&" "&"*")-COUNTIF(B29:AF29,"*"&"off")-COUNTIF(B29:AF29," "&"*") -> 23 | AH29: =AG29*8 -> 184 | AI29: {=_xlfn.LET( _xlpm.data, B29:AF29, _xlpm.removeList, {" off","."," SL","xxx"}, _xlpm.cleaned, TRIM(_xlfn.REDUCE(_xlpm.data, _xlpm.removeList, _xlfn.LAMBDA(_xlpm.arr,_xlpm.str, SUBSTITUTE(_xlpm.arr, _xlpm.str, "")))), _xlpm.first, _xlfn._xlws.FILTER(_xlpm.cleaned, _xlpm.cleaned <> ""), INDEX(_xlpm.first, 1) )} -> Leo | AJ29: {=_xlfn._xlws.FILTER(表格6[Full Name],(表格6[Name]=AI29)+(表格6[Name]&"_1"=AI29)+(表格6[Name]&"_2"=AI29)+(表格6[Name]&"_3"=AI29)+(表格6[Name]&"_4"=AI29)+(表格6[Name]&"_5"=AI29))} -> Lam King Chung | AK29: {=_xlfn._xlws.FILTER(三國演義!$C$13:$C$80,三國演義!$E$13:$E$80=Roster!AI29)} -> 25 | AL29: 55 | AM29: 0 | AN29: 0.02
A30: YL Citistore | B30: Yee | C30: Yee off | D30: Yee off | E30: Yee off | F30: Yee | G30: Yee | H30: Yee | I30: Yee | J30: Yee | K30: Yee off | L30: Yee off | M30: Yee | N30: Yee | O30: Yee | P30: Yee | Q30: Yee | R30: Yee off | S30: Yee off | T30: Yee | U30: Yee | V30: Yee | W30: Yee | X30: Yee off | Y30: Yee off | Z30: Yee off | AA30: Yee | AB30: Yee | AC30: Yee | AD30: Yee | AE30: Yee | AF30: Yee off | AG30: =COUNTA(B30:AF30)-COUNTIF(B30:AF30,"."&"*")-COUNTIF(B30:AF30,"off")-COUNTIF(B30:AF30,"SL"&" "&"*")-COUNTIF(B30:AF30,"PH"&" "&"*")-COUNTIF(B30:AF30,"AL"&" "&"*")-COUNTIF(B30:AF30,"CL"&" "&"*")-COUNTIF(B30:AF30,"Typhoon"&" "&"*")-COUNTIF(B30:AF30,"*"&"off")-COUNTIF(B30:AF30," "&"*") -> 20 | AH30: =AG30*8 -> 160 | AI30: {=_xlfn.LET( _xlpm.data, B30:AF30, _xlpm.removeList, {" off","."," SL","xxx"}, _xlpm.cleaned, TRIM(_xlfn.REDUCE(_xlpm.data, _xlpm.removeList, _xlfn.LAMBDA(_xlpm.arr,_xlpm.str, SUBSTITUTE(_xlpm.arr, _xlpm.str, "")))), _xlpm.first, _xlfn._xlws.FILTER(_xlpm.cleaned, _xlpm.cleaned <> ""), INDEX(_xlpm.first, 1) )} -> Yee | AJ30: {=_xlfn._xlws.FILTER(表格6[Full Name],(表格6[Name]=AI30)+(表格6[Name]&"_1"=AI30)+(表格6[Name]&"_2"=AI30)+(表格6[Name]&"_3"=AI30)+(表格6[Name]&"_4"=AI30)+(表格6[Name]&"_5"=AI30))} -> Cheung Yu Wing Yee | AK30: {=_xlfn._xlws.FILTER(三國演義!$C$13:$C$80,三國演義!$E$13:$E$80=Roster!AI30)} -> 26 | AL30: 60 | AM30: 0 | AN30: 0.02
A31: TM Citistore | B31: Ling Ho | C31: Ling Ho off | D31: Ling Ho | E31: Ling Ho | F31: Ling Ho off | G31: Ling Ho | H31: Ling Ho | I31: Ling Ho | J31: Ling Ho | K31: Ling Ho off | L31: Ling Ho | M31: Ling Ho | N31: Ling Ho off | O31: Ling Ho | P31: Ling Ho | Q31: Ling Ho | R31: Ling Ho | S31: Ling Ho off | T31: Ling Ho off | U31: Ling Ho | V31: Ling Ho | W31: Ling Ho | X31: Ling Ho | Y31: Ling Ho | Z31: Ling Ho off | AA31: Ling Ho | AB31: Ling Ho | AC31: Ling Ho | AD31: Ling Ho | AE31: Ling Ho | AF31: Ling Ho | AG31: =COUNTA(B31:AF31)-COUNTIF(B31:AF31,"."&"*")-COUNTIF(B31:AF31,"off")-COUNTIF(B31:AF31,"SL"&" "&"*")-COUNTIF(B31:AF31,"PH"&" "&"*")-COUNTIF(B31:AF31,"AL"&" "&"*")-COUNTIF(B31:AF31,"CL"&" "&"*")-COUNTIF(B31:AF31,"Typhoon"&" "&"*")-COUNTIF(B31:AF31,"*"&"off")-COUNTIF(B31:AF31," "&"*") -> 24 | AH31: =AG31*8 -> 192 | AI31: {=_xlfn.LET( _xlpm.data, B31:AF31, _xlpm.removeList, {" off","."," SL","xxx"}, _xlpm.cleaned, TRIM(_xlfn.REDUCE(_xlpm.data, _xlpm.removeList, _xlfn.LAMBDA(_xlpm.arr,_xlpm.str, SUBSTITUTE(_xlpm.arr, _xlpm.str, "")))), _xlpm.first, _xlfn._xlws.FILTER(_xlpm.cleaned, _xlpm.cleaned <> ""), INDEX(_xlpm.first, 1) )} -> Ling Ho | AJ31: {=_xlfn._xlws.FILTER(表格6[Full Name],(表格6[Name]=AI31)+(表格6[Name]&"_1"=AI31)+(表格6[Name]&"_2"=AI31)+(表格6[Name]&"_3"=AI31)+(表格6[Name]&"_4"=AI31)+(表格6[Name]&"_5"=AI31))} -> Ho Wai Ling | AK31: {=_xlfn._xlws.FILTER(三國演義!$C$13:$C$80,三國演義!$E$13:$E$80=Roster!AI31)} -> 27 | AL31: 60 | AM31: 0 | AN31: 0.02
A32: APM Broadway | B32: Happy | C32: Happy off | D32: Happy | E32: Happy | F32: Happy | G32: Happy off | H32: Happy | I32: Happy | J32: Happy | K32: Happy off | L32: Happy | M32: Happy | N32: Happy off | O32: Happy off | P32: Happy | Q32: Happy | R32: Happy off | S32: Happy off | T32: Happy | U32: Happy | V32: Happy | W32: Happy | X32: Happy off | Y32: Happy off | Z32: Happy | AA32: Happy | AB32: Happy | AC32: Happy | AD32: Happy | AE32: Happy | AF32: Happy | AG32: =COUNTA(B32:AF32)-COUNTIF(B32:AF32,"."&"*")-COUNTIF(B32:AF32,"off")-COUNTIF(B32:AF32,"SL"&" "&"*")-COUNTIF(B32:AF32,"PH"&" "&"*")-COUNTIF(B32:AF32,"AL"&" "&"*")-COUNTIF(B32:AF32,"CL"&" "&"*")-COUNTIF(B32:AF32,"Typhoon"&" "&"*")-COUNTIF(B32:AF32,"*"&"off")-COUNTIF(B32:AF32," "&"*") -> 22 | AH32: =AG32*8 -> 176 | AI32: {=_xlfn.LET( _xlpm.data, B32:AF32, _xlpm.removeList, {" off","."," SL","xxx"}, _xlpm.cleaned, TRIM(_xlfn.REDUCE(_xlpm.data, _xlpm.removeList, _xlfn.LAMBDA(_xlpm.arr,_xlpm.str, SUBSTITUTE(_xlpm.arr, _xlpm.str, "")))), _xlpm.first, _xlfn._xlws.FILTER(_xlpm.cleaned, _xlpm.cleaned <> ""), INDEX(_xlpm.first, 1) )} -> Happy | AJ32: {=_xlfn._xlws.FILTER(表格6[Full Name],(表格6[Name]=AI32)+(表格6[Name]&"_1"=AI32)+(表格6[Name]&"_2"=AI32)+(表格6[Name]&"_3"=AI32)+(表格6[Name]&"_4"=AI32)+(表格6[Name]&"_5"=AI32))} -> Chun Yin Ling | AK32: {=_xlfn._xlws.FILTER(三國演義!$C$13:$C$80,三國演義!$E$13:$E$80=Roster!AI32)} -> 28 | AL32: 60 | AM32: 0 | AN32: 0.02
A33: APM Fortress | B33: Tiffany | C33: Tiffany off | D33: Tiffany off | E33: Tiffany off | F33: Tiffany | G33: Tiffany | H33: Tiffany off | I33: Tiffany | J33: Tiffany | K33: Tiffany off | L33: Tiffany | M33: Tiffany | N33: Tiffany off | O33: Tiffany | P33: Tiffany off | Q33: Tiffany | R33: Tiffany off | S33: Tiffany off | T33: Tiffany | U33: Tiffany | V33: Tiffany | W33: Tiffany | X33: Tiffany off | Y33: Tiffany | Z33: Tiffany | AA33: Tiffany | AB33: Tiffany off | AC33: Tiffany off | AD33: Tiffany | AE33: Tiffany off | AF33: Tiffany | AG33: =COUNTA(B33:AF33)-COUNTIF(B33:AF33,"."&"*")-COUNTIF(B33:AF33,"off")-COUNTIF(B33:AF33,"SL"&" "&"*")-COUNTIF(B33:AF33,"PH"&" "&"*")-COUNTIF(B33:AF33,"AL"&" "&"*")-COUNTIF(B33:AF33,"CL"&" "&"*")-COUNTIF(B33:AF33,"Typhoon"&" "&"*")-COUNTIF(B33:AF33,"*"&"off")-COUNTIF(B33:AF33," "&"*") -> 18 | AH33: =AG33*8 -> 144 | AI33: {=_xlfn.LET( _xlpm.data, B33:AF33, _xlpm.removeList, {" off","."," SL","xxx"}, _xlpm.cleaned, TRIM(_xlfn.REDUCE(_xlpm.data, _xlpm.removeList, _xlfn.LAMBDA(_xlpm.arr,_xlpm.str, SUBSTITUTE(_xlpm.arr, _xlpm.str, "")))), _xlpm.first, _xlfn._xlws.FILTER(_xlpm.cleaned, _xlpm.cleaned <> ""), INDEX(_xlpm.first, 1) )} -> Tiffany | AJ33: {=_xlfn._xlws.FILTER(表格6[Full Name],(表格6[Name]=AI33)+(表格6[Name]&"_1"=AI33)+(表格6[Name]&"_2"=AI33)+(表格6[Name]&"_3"=AI33)+(表格6[Name]&"_4"=AI33)+(表格6[Name]&"_5"=AI33))} -> Man Wai Han | AK33: {=_xlfn._xlws.FILTER(三國演義!$C$13:$C$80,三國演義!$E$13:$E$80=Roster!AI33)} -> 29 | AL33: 60 | AM33: 0 | AN33: 0.02
A34: TKO Suning | B34: Coco | C34: Coco off | D34: Coco | E34: Coco | F34: Coco | G34: Coco off | H34: Coco | I34: Coco | J34: Coco off | K34: Coco off | L34: Coco | M34: Coco | N34: Coco off | O34: Coco | P34: Coco | Q34: Coco off | R34: Coco | S34: Coco | T34: Coco | U34: Coco off | V34: Coco off | W34: Coco off | X34: Coco off | Y34: Coco | Z34: Coco | AA34: Coco | AB34: Coco off | AC34: Coco | AD34: Coco | AE34: Coco | AF34: Coco | AG34: =COUNTA(B34:AF34)-COUNTIF(B34:AF34,"."&"*")-COUNTIF(B34:AF34,"off")-COUNTIF(B34:AF34,"SL"&" "&"*")-COUNTIF(B34:AF34,"PH"&" "&"*")-COUNTIF(B34:AF34,"AL"&" "&"*")-COUNTIF(B34:AF34,"CL"&" "&"*")-COUNTIF(B34:AF34,"Typhoon"&" "&"*")-COUNTIF(B34:AF34,"*"&"off")-COUNTIF(B34:AF34," "&"*") -> 20 | AH34: =AG34*8 -> 160 | AI34: {=_xlfn.LET( _xlpm.data, B34:AF34, _xlpm.removeList, {" off","."," SL","xxx"}, _xlpm.cleaned, TRIM(_xlfn.REDUCE(_xlpm.data, _xlpm.removeList, _xlfn.LAMBDA(_xlpm.arr,_xlpm.str, SUBSTITUTE(_xlpm.arr, _xlpm.str, "")))), _xlpm.first, _xlfn._xlws.FILTER(_xlpm.cleaned, _xlpm.cleaned <> ""), INDEX(_xlpm.first, 1) )} -> Coco | AJ34: {=_xlfn._xlws.FILTER(表格6[Full Name],(表格6[Name]=AI34)+(表格6[Name]&"_1"=AI34)+(表格6[Name]&"_2"=AI34)+(表格6[Name]&"_3"=AI34)+(表格6[Name]&"_4"=AI34)+(表格6[Name]&"_5"=AI34))} -> Yuen Lai Ying | AK34: {=_xlfn._xlws.FILTER(三國演義!$C$13:$C$80,三國演義!$E$13:$E$80=Roster!AI34)} -> 30 | AL34: 60 | AM34: 0 | AN34: 0.02
A35: Times Fortress | B35: Raymond | C35: Raymond | D35: Raymond | E35: Raymond | F35: Raymond | G35: Raymond off | H35: Raymond | I35: Raymond off | J35: Raymond | K35: Raymond | L35: Raymond | M35: Raymond | N35: Raymond off | O35: Raymond off | P35: Raymond | Q35: Raymond | R35: Raymond | S35: Raymond | T35: Raymond off | U35: Raymond off | V35: Raymond | W35: Raymond | X35: Raymond | Y35: Raymond | Z35: Raymond | AA35: Raymond | AB35: Raymond off | AC35: Raymond | AD35: Raymond | AE35: Raymond | AF35: Raymond | AG35: =COUNTA(B35:AF35)-COUNTIF(B35:AF35,"."&"*")-COUNTIF(B35:AF35,"off")-COUNTIF(B35:AF35,"SL"&" "&"*")-COUNTIF(B35:AF35,"PH"&" "&"*")-COUNTIF(B35:AF35,"AL"&" "&"*")-COUNTIF(B35:AF35,"CL"&" "&"*")-COUNTIF(B35:AF35,"Typhoon"&" "&"*")-COUNTIF(B35:AF35,"*"&"off")-COUNTIF(B35:AF35," "&"*") -> 24 | AH35: =AG35*8 -> 192 | AI35: {=_xlfn.LET( _xlpm.data, B35:AF35, _xlpm.removeList, {" off","."," SL","xxx"}, _xlpm.cleaned, TRIM(_xlfn.REDUCE(_xlpm.data, _xlpm.removeList, _xlfn.LAMBDA(_xlpm.arr,_xlpm.str, SUBSTITUTE(_xlpm.arr, _xlpm.str, "")))), _xlpm.first, _xlfn._xlws.FILTER(_xlpm.cleaned, _xlpm.cleaned <> ""), INDEX(_xlpm.first, 1) )} -> Raymond | AJ35: {=_xlfn._xlws.FILTER(表格6[Full Name],(表格6[Name]=AI35)+(表格6[Name]&"_1"=AI35)+(表格6[Name]&"_2"=AI35)+(表格6[Name]&"_3"=AI35)+(表格6[Name]&"_4"=AI35)+(表格6[Name]&"_5"=AI35))} -> Kwok Chun Wah | AK35: {=_xlfn._xlws.FILTER(三國演義!$C$13:$C$80,三國演義!$E$13:$E$80=Roster!AI35)} -> 31 | AL35: 60 | AM35: 0 | AN35: 0.02
A36: Shatin_1 Yata | B36: Maggie Yip | C36: Maggie Yip | D36: . | E36: . | F36: Maggie Yip | G36: Maggie Yip | H36: Maggie Yip | I36: Maggie Yip | J36: Maggie Yip | K36: Maggie Yip | L36: . | M36: . | N36: . | O36: Maggie Yip | P36: Maggie Yip | Q36: Maggie Yip | R36: Maggie Yip | S36: . | T36: . | U36: Maggie Yip | V36: Maggie Yip | W36: Maggie Yip | X36: Maggie Yip | Y36: Maggie Yip | Z36: . | AA36: . | AB36: Maggie Yip | AC36: Maggie Yip | AD36: Maggie Yip | AE36: Maggie Yip | AF36: Maggie Yip | AG36: =COUNTA(B36:AF36)-COUNTIF(B36:AF36,"."&"*")-COUNTIF(B36:AF36,"off")-COUNTIF(B36:AF36,"SL"&" "&"*")-COUNTIF(B36:AF36,"PH"&" "&"*")-COUNTIF(B36:AF36,"AL"&" "&"*")-COUNTIF(B36:AF36,"CL"&" "&"*")-COUNTIF(B36:AF36,"Typhoon"&" "&"*")-COUNTIF(B36:AF36,"*"&"off")-COUNTIF(B36:AF36," "&"*") -> 22 | AH36: =AG36*8 -> 176 | AI36: {=_xlfn.LET( _xlpm.data, B36:AF36, _xlpm.removeList, {" off","."," SL","xxx"}, _xlpm.cleaned, TRIM(_xlfn.REDUCE(_xlpm.data, _xlpm.removeList, _xlfn.LAMBDA(_xlpm.arr,_xlpm.str, SUBSTITUTE(_xlpm.arr, _xlpm.str, "")))), _xlpm.first, _xlfn._xlws.FILTER(_xlpm.cleaned, _xlpm.cleaned <> ""), INDEX(_xlpm.first, 1) )} -> Maggie Yip | AJ36: {=_xlfn._xlws.FILTER(表格6[Full Name],(表格6[Name]=AI36)+(表格6[Name]&"_1"=AI36)+(表格6[Name]&"_2"=AI36)+(表格6[Name]&"_3"=AI36)+(表格6[Name]&"_4"=AI36)+(表格6[Name]&"_5"=AI36))} -> Yip Mei King | AK36: {=_xlfn._xlws.FILTER(三國演義!$C$13:$C$80,三國演義!$E$13:$E$80=Roster!AI36)} -> 32 | AL36: 60 | AM36: 0 | AN36: 0.02
A37: Shatin_2 Yata | B37: . | C37: . | D37: Emma | E37: Emma | F37: . | G37: . | H37: . | I37: . | J37: . | K37: . | L37: . | M37: . | N37: . | O37: . | P37: . | Q37: . | R37: . | S37: Emma | T37: Emma | U37: . | V37: . | W37: . | X37: . | Y37: . | Z37: . | AA37: . | AB37: . | AC37: . | AD37: . | AE37: . | AF37: . | AG37: =COUNTA(B37:AF37)-COUNTIF(B37:AF37,"."&"*")-COUNTIF(B37:AF37,"off")-COUNTIF(B37:AF37,"SL"&" "&"*")-COUNTIF(B37:AF37,"PH"&" "&"*")-COUNTIF(B37:AF37,"AL"&" "&"*")-COUNTIF(B37:AF37,"CL"&" "&"*")-COUNTIF(B37:AF37,"Typhoon"&" "&"*")-COUNTIF(B37:AF37,"*"&"off")-COUNTIF(B37:AF37," "&"*") -> 4 | AH37: =AG37*8 -> 32 | AI37: {=_xlfn.LET( _xlpm.data, B37:AF37, _xlpm.removeList, {" off","."," SL","xxx"}, _xlpm.cleaned, TRIM(_xlfn.REDUCE(_xlpm.data, _xlpm.removeList, _xlfn.LAMBDA(_xlpm.arr,_xlpm.str, SUBSTITUTE(_xlpm.arr, _xlpm.str, "")))), _xlpm.first, _xlfn._xlws.FILTER(_xlpm.cleaned, _xlpm.cleaned <> ""), INDEX(_xlpm.first, 1) )} -> Emma | AJ37: {=_xlfn._xlws.FILTER(表格6[Full Name],(表格6[Name]=AI37)+(表格6[Name]&"_1"=AI37)+(表格6[Name]&"_2"=AI37)+(表格6[Name]&"_3"=AI37)+(表格6[Name]&"_4"=AI37)+(表格6[Name]&"_5"=AI37))} -> Ng Yuk Ying | AK37: {=_xlfn._xlws.FILTER(三國演義!$C$13:$C$80,三國演義!$E$13:$E$80=Roster!AI37)} -> 33 | AL37: 60 | AM37: 0 | AN37: 0.02
A38: Shatin_3 Yata | B38: . | C38: . | D38: . | E38: . | F38: . | G38: . | H38: . | I38: . | J38: . | K38: . | L38: . | M38: . | N38: . | O38: . | P38: . | Q38: . | R38: . | S38: . | T38: . | U38: . | V38: . | W38: . | X38: . | Y38: . | Z38: Tony_1 | AA38: Tony_1 | AB38: . | AC38: . | AD38: . | AE38: . | AF38: . | AG38: =COUNTA(B38:AF38)-COUNTIF(B38:AF38,"."&"*")-COUNTIF(B38:AF38,"off")-COUNTIF(B38:AF38,"SL"&" "&"*")-COUNTIF(B38:AF38,"PH"&" "&"*")-COUNTIF(B38:AF38,"AL"&" "&"*")-COUNTIF(B38:AF38,"CL"&" "&"*")-COUNTIF(B38:AF38,"Typhoon"&" "&"*")-COUNTIF(B38:AF38,"*"&"off")-COUNTIF(B38:AF38," "&"*") -> 2 | AH38: =AG38*8 -> 16 | AI38: {=_xlfn.LET( _xlpm.data, B38:AF38, _xlpm.removeList, {" off","."," SL","xxx"}, _xlpm.cleaned, TRIM(_xlfn.REDUCE(_xlpm.data, _xlpm.removeList, _xlfn.LAMBDA(_xlpm.arr,_xlpm.str, SUBSTITUTE(_xlpm.arr, _xlpm.str, "")))), _xlpm.first, _xlfn._xlws.FILTER(_xlpm.cleaned, _xlpm.cleaned <> ""), INDEX(_xlpm.first, 1) )} -> Tony_1 | AJ38: {=_xlfn._xlws.FILTER(表格6[Full Name],(表格6[Name]=AI38)+(表格6[Name]&"_1"=AI38)+(表格6[Name]&"_2"=AI38)+(表格6[Name]&"_3"=AI38)+(表格6[Name]&"_4"=AI38)+(表格6[Name]&"_5"=AI38))} -> Wong Tak Chung | AK38: {=_xlfn._xlws.FILTER(三國演義!$C$13:$C$80,三國演義!$E$13:$E$80=Roster!AI38)} -> 34 | AL38: 60 | AM38: 0
A39: Shatin_4 Yata | B39: . | C39: . | D39: . | E39: . | F39: . | G39: . | H39: . | I39: . | J39: . | K39: . | L39: Kit_1 | M39: Kit_1 | N39: Kit_1 | O39: . | P39: . | Q39: . | R39: . | S39: . | T39: . | U39: . | V39: . | W39: . | X39: . | Y39: . | Z39: . | AA39: . | AB39: . | AC39: . | AD39: . | AE39: . | AF39: . | AG39: =COUNTA(B39:AF39)-COUNTIF(B39:AF39,"."&"*")-COUNTIF(B39:AF39,"off")-COUNTIF(B39:AF39,"SL"&" "&"*")-COUNTIF(B39:AF39,"PH"&" "&"*")-COUNTIF(B39:AF39,"AL"&" "&"*")-COUNTIF(B39:AF39,"CL"&" "&"*")-COUNTIF(B39:AF39,"Typhoon"&" "&"*")-COUNTIF(B39:AF39,"*"&"off")-COUNTIF(B39:AF39," "&"*") -> 3 | AH39: =AG39*8 -> 24 | AI39: {=_xlfn.LET( _xlpm.data, B39:AF39, _xlpm.removeList, {" off","."," SL","xxx"}, _xlpm.cleaned, TRIM(_xlfn.REDUCE(_xlpm.data, _xlpm.removeList, _xlfn.LAMBDA(_xlpm.arr,_xlpm.str, SUBSTITUTE(_xlpm.arr, _xlpm.str, "")))), _xlpm.first, _xlfn._xlws.FILTER(_xlpm.cleaned, _xlpm.cleaned <> ""), INDEX(_xlpm.first, 1) )} -> Kit_1 | AJ39: {=_xlfn._xlws.FILTER(表格6[Full Name],(表格6[Name]=AI39)+(表格6[Name]&"_1"=AI39)+(表格6[Name]&"_2"=AI39)+(表格6[Name]&"_3"=AI39)+(表格6[Name]&"_4"=AI39)+(表格6[Name]&"_5"=AI39))} -> Li Wenjie | AK39: {=_xlfn._xlws.FILTER(三國演義!$C$13:$C$80,三國演義!$E$13:$E$80=Roster!AI39)} -> 35 | AL39: 60 | AM39: 0
A40: TP_1 Yata | B40: Gloria | C40: . | D40: . | E40: Gloria | F40: Gloria | G40: Gloria | H40: Gloria | I40: Gloria | J40: . | K40: . | L40: Gloria | M40: Gloria | N40: Gloria | O40: Gloria | P40: Gloria | Q40: . | R40: . | S40: Gloria | T40: Gloria | U40: Gloria | V40: Gloria | W40: Gloria | X40: . | Y40: . | Z40: Gloria | AA40: Gloria | AB40: Gloria | AC40: Gloria | AD40: Gloria | AE40: . | AF40: . | AG40: =COUNTA(B40:AF40)-COUNTIF(B40:AF40,"."&"*")-COUNTIF(B40:AF40,"off")-COUNTIF(B40:AF40,"SL"&" "&"*")-COUNTIF(B40:AF40,"PH"&" "&"*")-COUNTIF(B40:AF40,"AL"&" "&"*")-COUNTIF(B40:AF40,"CL"&" "&"*")-COUNTIF(B40:AF40,"Typhoon"&" "&"*")-COUNTIF(B40:AF40,"*"&"off")-COUNTIF(B40:AF40," "&"*") -> 21 | AH40: =AG40*8 -> 168 | AI40: {=_xlfn.LET( _xlpm.data, B40:AF40, _xlpm.removeList, {" off","."," SL","xxx"}, _xlpm.cleaned, TRIM(_xlfn.REDUCE(_xlpm.data, _xlpm.removeList, _xlfn.LAMBDA(_xlpm.arr,_xlpm.str, SUBSTITUTE(_xlpm.arr, _xlpm.str, "")))), _xlpm.first, _xlfn._xlws.FILTER(_xlpm.cleaned, _xlpm.cleaned <> ""), INDEX(_xlpm.first, 1) )} -> Gloria | AJ40: {=_xlfn._xlws.FILTER(表格6[Full Name],(表格6[Name]=AI40)+(表格6[Name]&"_1"=AI40)+(表格6[Name]&"_2"=AI40)+(表格6[Name]&"_3"=AI40)+(表格6[Name]&"_4"=AI40)+(表格6[Name]&"_5"=AI40))} -> Yeung Chor Mui | AK40: {=_xlfn._xlws.FILTER(三國演義!$C$13:$C$80,三國演義!$E$13:$E$80=Roster!AI40)} -> 36 | AL40: 60 | AM40: 0 | AN40: 0.02
A41: TP_2 Yata | B41: . | C41: . | D41: . | E41: . | F41: . | G41: . | H41: . | I41: . | J41: Tony_2 | K41: Tony_2 | L41: . | M41: . | N41: . | O41: . | P41: . | Q41: . | R41: . | S41: . | T41: . | U41: . | V41: . | W41: . | X41: Tony_2 | Y41: Tony_2 | Z41: . | AA41: . | AB41: . | AC41: . | AD41: . | AE41: Tony_2 | AF41: Tony_2 | AG41: =COUNTA(B41:AF41)-COUNTIF(B41:AF41,"."&"*")-COUNTIF(B41:AF41,"off")-COUNTIF(B41:AF41,"SL"&" "&"*")-COUNTIF(B41:AF41,"PH"&" "&"*")-COUNTIF(B41:AF41,"AL"&" "&"*")-COUNTIF(B41:AF41,"CL"&" "&"*")-COUNTIF(B41:AF41,"Typhoon"&" "&"*")-COUNTIF(B41:AF41,"*"&"off")-COUNTIF(B41:AF41," "&"*") -> 6 | AH41: =AG41*8 -> 48 | AI41: {=_xlfn.LET( _xlpm.data, B41:AF41, _xlpm.removeList, {" off","."," SL","xxx"}, _xlpm.cleaned, TRIM(_xlfn.REDUCE(_xlpm.data, _xlpm.removeList, _xlfn.LAMBDA(_xlpm.arr,_xlpm.str, SUBSTITUTE(_xlpm.arr, _xlpm.str, "")))), _xlpm.first, _xlfn._xlws.FILTER(_xlpm.cleaned, _xlpm.cleaned <> ""), INDEX(_xlpm.first, 1) )} -> Tony_2 | AJ41: {=_xlfn._xlws.FILTER(表格6[Full Name],(表格6[Name]=AI41)+(表格6[Name]&"_1"=AI41)+(表格6[Name]&"_2"=AI41)+(表格6[Name]&"_3"=AI41)+(表格6[Name]&"_4"=AI41)+(表格6[Name]&"_5"=AI41))} -> Wong Tak Chung | AK41: {=_xlfn._xlws.FILTER(三國演義!$C$13:$C$80,三國演義!$E$13:$E$80=Roster!AI41)} -> 37 | AL41: 60 | AM41: 0 | AN41: 0.02
A42: TP_3 Yata | B42: . | C42: Kit_2 | D42: Kit_2 | E42: . | F42: . | G42: . | H42: . | I42: . | J42: . | K42: . | L42: . | M42: . | N42: . | O42: . | P42: . | Q42: Kit_2 | R42: Kit_2 | S42: . | T42: . | U42: . | V42: . | W42: . | X42: . | Y42: . | Z42: . | AA42: . | AB42: . | AC42: . | AD42: . | AE42: . | AF42: . | AG42: =COUNTA(B42:AF42)-COUNTIF(B42:AF42,"."&"*")-COUNTIF(B42:AF42,"off")-COUNTIF(B42:AF42,"SL"&" "&"*")-COUNTIF(B42:AF42,"PH"&" "&"*")-COUNTIF(B42:AF42,"AL"&" "&"*")-COUNTIF(B42:AF42,"CL"&" "&"*")-COUNTIF(B42:AF42,"Typhoon"&" "&"*")-COUNTIF(B42:AF42,"*"&"off")-COUNTIF(B42:AF42," "&"*") -> 4 | AH42: =AG42*8 -> 32 | AI42: {=_xlfn.LET( _xlpm.data, B42:AF42, _xlpm.removeList, {" off","."," SL","xxx"}, _xlpm.cleaned, TRIM(_xlfn.REDUCE(_xlpm.data, _xlpm.removeList, _xlfn.LAMBDA(_xlpm.arr,_xlpm.str, SUBSTITUTE(_xlpm.arr, _xlpm.str, "")))), _xlpm.first, _xlfn._xlws.FILTER(_xlpm.cleaned, _xlpm.cleaned <> ""), INDEX(_xlpm.first, 1) )} -> Kit_2 | AJ42: {=_xlfn._xlws.FILTER(表格6[Full Name],(表格6[Name]=AI42)+(表格6[Name]&"_1"=AI42)+(表格6[Name]&"_2"=AI42)+(表格6[Name]&"_3"=AI42)+(表格6[Name]&"_4"=AI42)+(表格6[Name]&"_5"=AI42))} -> Li Wenjie | AK42: {=_xlfn._xlws.FILTER(三國演義!$C$13:$C$80,三國演義!$E$13:$E$80=Roster!AI42)} -> 38 | AL42: 60 | AM42: 0 | AN42: 0.02
A43: Kai Tak_1 Sogo | B43: . | C43: . | D43: . | E43: . | F43: . | G43: . | H43: . | I43: . | J43: . | K43: . | L43: . | M43: . | N43: . | O43: . | P43: . | Q43: . | R43: . | S43: . | T43: . | U43: . | V43: Anita_1 | W43: Anita_1 | X43: . | Y43: . | Z43: . | AA43: . | AB43: . | AC43: . | AD43: . | AE43: . | AF43: Anita_1 | AG43: =COUNTA(B43:AF43)-COUNTIF(B43:AF43,"."&"*")-COUNTIF(B43:AF43,"off")-COUNTIF(B43:AF43,"SL"&" "&"*")-COUNTIF(B43:AF43,"PH"&" "&"*")-COUNTIF(B43:AF43,"AL"&" "&"*")-COUNTIF(B43:AF43,"CL"&" "&"*")-COUNTIF(B43:AF43,"Typhoon"&" "&"*")-COUNTIF(B43:AF43,"*"&"off")-COUNTIF(B43:AF43," "&"*") -> 3 | AH43: =AG43*8 -> 24 | AI43: {=_xlfn.LET( _xlpm.data, B43:AF43, _xlpm.removeList, {" off","."," SL","xxx"}, _xlpm.cleaned, TRIM(_xlfn.REDUCE(_xlpm.data, _xlpm.removeList, _xlfn.LAMBDA(_xlpm.arr,_xlpm.str, SUBSTITUTE(_xlpm.arr, _xlpm.str, "")))), _xlpm.first, _xlfn._xlws.FILTER(_xlpm.cleaned, _xlpm.cleaned <> ""), INDEX(_xlpm.first, 1) )} -> Anita_1 | AJ43: {=_xlfn._xlws.FILTER(表格6[Full Name],(表格6[Name]=AI43)+(表格6[Name]&"_1"=AI43)+(表格6[Name]&"_2"=AI43)+(表格6[Name]&"_3"=AI43)+(表格6[Name]&"_4"=AI43)+(表格6[Name]&"_5"=AI43))} -> Chan Siu Kuen | AK43: {=_xlfn._xlws.FILTER(三國演義!$C$13:$C$80,三國演義!$E$13:$E$80=Roster!AI43)} -> 39 | AL43: 60 | AM43: 0 | AN43: 0.02
A44: Kai Tak_2 Sogo | B44: Hazel | C44: Hazel | D44: Hazel | E44: Hazel | F44: . | G44: . | H44: Hazel | I44: Hazel | J44: . | K44: . | L44: . | M44: . | N44: . | O44: . | P44: . | Q44: . | R44: . | S44: . | T44: . | U44: . | V44: . | W44: . | X44: . | Y44: . | Z44: . | AA44: . | AB44: . | AC44: . | AD44: . | AE44: . | AF44: . | AG44: =COUNTA(B44:AF44)-COUNTIF(B44:AF44,"."&"*")-COUNTIF(B44:AF44,"off")-COUNTIF(B44:AF44,"SL"&" "&"*")-COUNTIF(B44:AF44,"PH"&" "&"*")-COUNTIF(B44:AF44,"AL"&" "&"*")-COUNTIF(B44:AF44,"CL"&" "&"*")-COUNTIF(B44:AF44,"Typhoon"&" "&"*")-COUNTIF(B44:AF44,"*"&"off")-COUNTIF(B44:AF44," "&"*") -> 6 | AH44: =AG44*8 -> 48 | AI44: {=_xlfn.LET( _xlpm.data, B44:AF44, _xlpm.removeList, {" off","."," SL","xxx"}, _xlpm.cleaned, TRIM(_xlfn.REDUCE(_xlpm.data, _xlpm.removeList, _xlfn.LAMBDA(_xlpm.arr,_xlpm.str, SUBSTITUTE(_xlpm.arr, _xlpm.str, "")))), _xlpm.first, _xlfn._xlws.FILTER(_xlpm.cleaned, _xlpm.cleaned <> ""), INDEX(_xlpm.first, 1) )} -> Hazel | AJ44: {=_xlfn._xlws.FILTER(表格6[Full Name],(表格6[Name]=AI44)+(表格6[Name]&"_1"=AI44)+(表格6[Name]&"_2"=AI44)+(表格6[Name]&"_3"=AI44)+(表格6[Name]&"_4"=AI44)+(表格6[Name]&"_5"=AI44))} -> Tan Xingfang | AK44: {=_xlfn._xlws.FILTER(三國演義!$C$13:$C$80,三國演義!$E$13:$E$80=Roster!AI44)} -> 40 | AL44: 65 | AM44: 0
A45: Kai Tak_3 Sogo | B45: . | C45: . | D45: . | E45: . | F45: Mui Chan_1 | G45: . | H45: . | I45: . | J45: Mui Chan_1 | K45: Mui Chan_1 | L45: Mui Chan_1 | M45: Mui Chan_1 | N45: Mui Chan_1 | O45: Mui Chan_1 | P45: Mui Chan_1 | Q45: Mui Chan_1 | R45: Mui Chan_1 | S45: Mui Chan_1 | T45: Mui Chan_1 | U45: Mui Chan_1 off | V45: . | W45: . | X45: . | Y45: Mui Chan_1 | Z45: Mui Chan_1 | AA45: Mui Chan_1 | AB45: . | AC45: . | AD45: . | AE45: . | AF45: . | AG45: =COUNTA(B45:AF45)-COUNTIF(B45:AF45,"."&"*")-COUNTIF(B45:AF45,"off")-COUNTIF(B45:AF45,"SL"&" "&"*")-COUNTIF(B45:AF45,"PH"&" "&"*")-COUNTIF(B45:AF45,"AL"&" "&"*")-COUNTIF(B45:AF45,"CL"&" "&"*")-COUNTIF(B45:AF45,"Typhoon"&" "&"*")-COUNTIF(B45:AF45,"*"&"off")-COUNTIF(B45:AF45," "&"*") -> 15 | AH45: =AG45*8 -> 120 | AI45: {=_xlfn.LET( _xlpm.data, B45:AF45, _xlpm.removeList, {" off","."," SL","xxx"}, _xlpm.cleaned, TRIM(_xlfn.REDUCE(_xlpm.data, _xlpm.removeList, _xlfn.LAMBDA(_xlpm.arr,_xlpm.str, SUBSTITUTE(_xlpm.arr, _xlpm.str, "")))), _xlpm.first, _xlfn._xlws.FILTER(_xlpm.cleaned, _xlpm.cleaned <> ""), INDEX(_xlpm.first, 1) )} -> Mui Chan_1 | AJ45: {=_xlfn._xlws.FILTER(表格6[Full Name],(表格6[Name]=AI45)+(表格6[Name]&"_1"=AI45)+(表格6[Name]&"_2"=AI45)+(表格6[Name]&"_3"=AI45)+(表格6[Name]&"_4"=AI45)+(表格6[Name]&"_5"=AI45))} -> Chan So Mui | AK45: {=_xlfn._xlws.FILTER(三國演義!$C$13:$C$80,三國演義!$E$13:$E$80=Roster!AI45)} -> 41 | AL45: 60 | AM45: 0
A46: Kai Tak_4 Sogo | B46: . | C46: . | D46: . | E46: . | F46: . | G46: Fong_2 | H46: . | I46: . | J46: . | K46: . | L46: . | M46: . | N46: . | O46: . | P46: . | Q46: . | R46: . | S46: . | T46: . | U46: . | V46: . | W46: . | X46: . | Y46: . | Z46: . | AA46: . | AB46: . | AC46: . | AD46: . | AE46: . | AF46: . | AG46: =COUNTA(B46:AF46)-COUNTIF(B46:AF46,"."&"*")-COUNTIF(B46:AF46,"off")-COUNTIF(B46:AF46,"SL"&" "&"*")-COUNTIF(B46:AF46,"PH"&" "&"*")-COUNTIF(B46:AF46,"AL"&" "&"*")-COUNTIF(B46:AF46,"CL"&" "&"*")-COUNTIF(B46:AF46,"Typhoon"&" "&"*")-COUNTIF(B46:AF46,"*"&"off")-COUNTIF(B46:AF46," "&"*") -> 1 | AH46: =AG46*8 -> 8 | AI46: {=_xlfn.LET( _xlpm.data, B46:AF46, _xlpm.removeList, {" off","."," SL","xxx"}, _xlpm.cleaned, TRIM(_xlfn.REDUCE(_xlpm.data, _xlpm.removeList, _xlfn.LAMBDA(_xlpm.arr,_xlpm.str, SUBSTITUTE(_xlpm.arr, _xlpm.str, "")))), _xlpm.first, _xlfn._xlws.FILTER(_xlpm.cleaned, _xlpm.cleaned <> ""), INDEX(_xlpm.first, 1) )} -> Fong_2 | AJ46: {=_xlfn._xlws.FILTER(表格6[Full Name],(表格6[Name]=AI46)+(表格6[Name]&"_1"=AI46)+(表格6[Name]&"_2"=AI46)+(表格6[Name]&"_3"=AI46)+(表格6[Name]&"_4"=AI46)+(表格6[Name]&"_5"=AI46))} -> Ng Nga Fong | AK46: {=_xlfn._xlws.FILTER(三國演義!$C$13:$C$80,三國演義!$E$13:$E$80=Roster!AI46)} -> 42 | AL46: 60 | AM46: 0 | AN46: 0.02
A47: Kai Tak_5 Sogo | B47: . | C47: . | D47: . | E47: . | F47: . | G47: . | H47: . | I47: . | J47: . | K47: . | L47: . | M47: . | N47: . | O47: . | P47: . | Q47: . | R47: . | S47: . | T47: . | U47: . | V47: . | W47: . | X47: . | Y47: . | Z47: . | AA47: . | AB47: . | AC47: Shirley | AD47: Shirley | AE47: . | AF47: . | AG47: =COUNTA(B47:AF47)-COUNTIF(B47:AF47,"."&"*")-COUNTIF(B47:AF47,"off")-COUNTIF(B47:AF47,"SL"&" "&"*")-COUNTIF(B47:AF47,"PH"&" "&"*")-COUNTIF(B47:AF47,"AL"&" "&"*")-COUNTIF(B47:AF47,"CL"&" "&"*")-COUNTIF(B47:AF47,"Typhoon"&" "&"*")-COUNTIF(B47:AF47,"*"&"off")-COUNTIF(B47:AF47," "&"*") -> 2 | AH47: =AG47*8 -> 16 | AI47: {=_xlfn.LET( _xlpm.data, B47:AF47, _xlpm.removeList, {" off","."," SL","xxx"}, _xlpm.cleaned, TRIM(_xlfn.REDUCE(_xlpm.data, _xlpm.removeList, _xlfn.LAMBDA(_xlpm.arr,_xlpm.str, SUBSTITUTE(_xlpm.arr, _xlpm.str, "")))), _xlpm.first, _xlfn._xlws.FILTER(_xlpm.cleaned, _xlpm.cleaned <> ""), INDEX(_xlpm.first, 1) )} -> Shirley | AJ47: {=_xlfn._xlws.FILTER(表格6[Full Name],(表格6[Name]=AI47)+(表格6[Name]&"_1"=AI47)+(表格6[Name]&"_2"=AI47)+(表格6[Name]&"_3"=AI47)+(表格6[Name]&"_4"=AI47)+(表格6[Name]&"_5"=AI47))} -> Sit Kwok Fong | AK47: {=_xlfn._xlws.FILTER(三國演義!$C$13:$C$80,三國演義!$E$13:$E$80=Roster!AI47)} -> 43 | AL47: 60 | AM47: 0
A48: Kai Tak RS_1 Sogo | B48: Wendy Wong_3 | C48: . | D48: . | E48: . | F48: . | G48: . | H48: Wendy Wong_3 | I48: Wendy Wong_3 | J48: . | K48: . | L48: . | M48: . | N48: . | O48: . | P48: . | Q48: . | R48: . | S48: . | T48: . | U48: . | V48: . | W48: . | X48: . | Y48: . | Z48: . | AA48: . | AB48: . | AC48: . | AD48: . | AE48: . | AF48: . | AG48: =COUNTA(B48:AF48)-COUNTIF(B48:AF48,"."&"*")-COUNTIF(B48:AF48,"off")-COUNTIF(B48:AF48,"SL"&" "&"*")-COUNTIF(B48:AF48,"PH"&" "&"*")-COUNTIF(B48:AF48,"AL"&" "&"*")-COUNTIF(B48:AF48,"CL"&" "&"*")-COUNTIF(B48:AF48,"Typhoon"&" "&"*")-COUNTIF(B48:AF48,"*"&"off")-COUNTIF(B48:AF48," "&"*") -> 3 | AH48: =AG48*8 -> 24 | AI48: {=_xlfn.LET( _xlpm.data, B48:AF48, _xlpm.removeList, {" off","."," SL","xxx"}, _xlpm.cleaned, TRIM(_xlfn.REDUCE(_xlpm.data, _xlpm.removeList, _xlfn.LAMBDA(_xlpm.arr,_xlpm.str, SUBSTITUTE(_xlpm.arr, _xlpm.str, "")))), _xlpm.first, _xlfn._xlws.FILTER(_xlpm.cleaned, _xlpm.cleaned <> ""), INDEX(_xlpm.first, 1) )} -> Wendy Wong_3 | AJ48: {=_xlfn._xlws.FILTER(表格6[Full Name],(表格6[Name]=AI48)+(表格6[Name]&"_1"=AI48)+(表格6[Name]&"_2"=AI48)+(表格6[Name]&"_3"=AI48)+(表格6[Name]&"_4"=AI48)+(表格6[Name]&"_5"=AI48))} -> Wong Lai Ying | AK48: {=_xlfn._xlws.FILTER(三國演義!$C$13:$C$80,三國演義!$E$13:$E$80=Roster!AI48)} -> 44 | AL48: 60 | AM48: 0 | AN48: 0.01
A49: Kai Tak RS_2 Sogo | B49: . | C49: . | D49: . | E49: . | F49: . | G49: . | H49: . | I49: . | J49: . | K49: . | L49: . | M49: . | N49: . | O49: Anita_2 | P49: Anita_2 | Q49: . | R49: . | S49: . | T49: . | U49: . | V49: . | W49: . | X49: . | Y49: . | Z49: . | AA49: . | AB49: . | AC49: . | AD49: . | AE49: . | AF49: . | AG49: =COUNTA(B49:AF49)-COUNTIF(B49:AF49,"."&"*")-COUNTIF(B49:AF49,"off")-COUNTIF(B49:AF49,"SL"&" "&"*")-COUNTIF(B49:AF49,"PH"&" "&"*")-COUNTIF(B49:AF49,"AL"&" "&"*")-COUNTIF(B49:AF49,"CL"&" "&"*")-COUNTIF(B49:AF49,"Typhoon"&" "&"*")-COUNTIF(B49:AF49,"*"&"off")-COUNTIF(B49:AF49," "&"*") -> 2 | AH49: =AG49*8 -> 16 | AI49: {=_xlfn.LET( _xlpm.data, B49:AF49, _xlpm.removeList, {" off","."," SL","xxx"}, _xlpm.cleaned, TRIM(_xlfn.REDUCE(_xlpm.data, _xlpm.removeList, _xlfn.LAMBDA(_xlpm.arr,_xlpm.str, SUBSTITUTE(_xlpm.arr, _xlpm.str, "")))), _xlpm.first, _xlfn._xlws.FILTER(_xlpm.cleaned, _xlpm.cleaned <> ""), INDEX(_xlpm.first, 1) )} -> Anita_2 | AJ49: {=_xlfn._xlws.FILTER(表格6[Full Name],(表格6[Name]=AI49)+(表格6[Name]&"_1"=AI49)+(表格6[Name]&"_2"=AI49)+(表格6[Name]&"_3"=AI49)+(表格6[Name]&"_4"=AI49)+(表格6[Name]&"_5"=AI49))} -> Chan Siu Kuen | AK49: {=_xlfn._xlws.FILTER(三國演義!$C$13:$C$80,三國演義!$E$13:$E$80=Roster!AI49)} -> 45 | AL49: 60 | AM49: 0
A50: Mongkok_1 BBE | B50: . | C50: . | D50: . | E50: . | F50: . | G50: . | H50: . | I50: . | J50: . | K50: . | L50: . | M50: . | N50: . | O50: . | P50: . | Q50: . | R50: . | S50: . | T50: . | U50: . | V50: . | W50: . | X50: . | Y50: . | Z50: . | AA50: Connie | AB50: Connie | AC50: Connie | AD50: Connie | AE50: . | AF50: . | AG50: =COUNTA(B50:AF50)-COUNTIF(B50:AF50,"."&"*")-COUNTIF(B50:AF50,"off")-COUNTIF(B50:AF50,"SL"&" "&"*")-COUNTIF(B50:AF50,"PH"&" "&"*")-COUNTIF(B50:AF50,"AL"&" "&"*")-COUNTIF(B50:AF50,"CL"&" "&"*")-COUNTIF(B50:AF50,"Typhoon"&" "&"*")-COUNTIF(B50:AF50,"*"&"off")-COUNTIF(B50:AF50," "&"*") -> 4 | AH50: =AG50*8 -> 32 | AI50: {=_xlfn.LET( _xlpm.data, B50:AF50, _xlpm.removeList, {" off","."," SL","xxx"}, _xlpm.cleaned, TRIM(_xlfn.REDUCE(_xlpm.data, _xlpm.removeList, _xlfn.LAMBDA(_xlpm.arr,_xlpm.str, SUBSTITUTE(_xlpm.arr, _xlpm.str, "")))), _xlpm.first, _xlfn._xlws.FILTER(_xlpm.cleaned, _xlpm.cleaned <> ""), INDEX(_xlpm.first, 1) )} -> Connie | AJ50: {=_xlfn._xlws.FILTER(表格6[Full Name],(表格6[Name]=AI50)+(表格6[Name]&"_1"=AI50)+(表格6[Name]&"_2"=AI50)+(表格6[Name]&"_3"=AI50)+(表格6[Name]&"_4"=AI50)+(表格6[Name]&"_5"=AI50))} -> Chan Siu Mui | AK50: {=_xlfn._xlws.FILTER(三國演義!$C$13:$C$80,三國演義!$E$13:$E$80=Roster!AI50)} -> 46 | AL50: 60 | AM50: 0
A51: Mongkok_2 BBE | B51: . | C51: . | D51: . | E51: . | F51: . | G51: . | H51: . | I51: . | J51: . | K51: . | L51: . | M51: . | N51: . | O51: Amy Or_2 | P51: Amy Or_2 | Q51: . | R51: . | S51: . | T51: Amy Or_2 | U51: Amy Or_2 | V51: Amy Or_2 | W51: Amy Or_2 | X51: . | Y51: . | Z51: . | AA51: . | AB51: . | AC51: . | AD51: . | AE51: . | AF51: . | AG51: =COUNTA(B51:AF51)-COUNTIF(B51:AF51,"."&"*")-COUNTIF(B51:AF51,"off")-COUNTIF(B51:AF51,"SL"&" "&"*")-COUNTIF(B51:AF51,"PH"&" "&"*")-COUNTIF(B51:AF51,"AL"&" "&"*")-COUNTIF(B51:AF51,"CL"&" "&"*")-COUNTIF(B51:AF51,"Typhoon"&" "&"*")-COUNTIF(B51:AF51,"*"&"off")-COUNTIF(B51:AF51," "&"*") -> 6 | AH51: =AG51*8 -> 48 | AI51: {=_xlfn.LET( _xlpm.data, B51:AF51, _xlpm.removeList, {" off","."," SL","xxx"}, _xlpm.cleaned, TRIM(_xlfn.REDUCE(_xlpm.data, _xlpm.removeList, _xlfn.LAMBDA(_xlpm.arr,_xlpm.str, SUBSTITUTE(_xlpm.arr, _xlpm.str, "")))), _xlpm.first, _xlfn._xlws.FILTER(_xlpm.cleaned, _xlpm.cleaned <> ""), INDEX(_xlpm.first, 1) )} -> Amy Or_2 | AJ51: {=_xlfn._xlws.FILTER(表格6[Full Name],(表格6[Name]=AI51)+(表格6[Name]&"_1"=AI51)+(表格6[Name]&"_2"=AI51)+(表格6[Name]&"_3"=AI51)+(表格6[Name]&"_4"=AI51)+(表格6[Name]&"_5"=AI51))} -> Or Sim Kiu | AK51: {=_xlfn._xlws.FILTER(三國演義!$C$13:$C$80,三國演義!$E$13:$E$80=Roster!AI51)} -> 47 | AL51: 55 | AM51: 30
A52: Tai Koo_1 Apita | B52: SK | C52: . | D52: . | E52: . | F52: . | G52: . | H52: SK | I52: SK | J52: . | K52: . | L52: . | M52: . | N52: . | O52: SK | P52: . | Q52: . | R52: . | S52: . | T52: . | U52: . | V52: SK | W52: SK | X52: SK | Y52: SK | Z52: . | AA52: . | AB52: . | AC52: SK | AD52: SK | AE52: . | AF52: . | AG52: =COUNTA(B52:AF52)-COUNTIF(B52:AF52,"."&"*")-COUNTIF(B52:AF52,"off")-COUNTIF(B52:AF52,"SL"&" "&"*")-COUNTIF(B52:AF52,"PH"&" "&"*")-COUNTIF(B52:AF52,"AL"&" "&"*")-COUNTIF(B52:AF52,"CL"&" "&"*")-COUNTIF(B52:AF52,"Typhoon"&" "&"*")-COUNTIF(B52:AF52,"*"&"off")-COUNTIF(B52:AF52," "&"*") -> 10 | AH52: =AG52*8 -> 80 | AI52: {=_xlfn.LET( _xlpm.data, B52:AF52, _xlpm.removeList, {" off","."," SL","xxx"}, _xlpm.cleaned, TRIM(_xlfn.REDUCE(_xlpm.data, _xlpm.removeList, _xlfn.LAMBDA(_xlpm.arr,_xlpm.str, SUBSTITUTE(_xlpm.arr, _xlpm.str, "")))), _xlpm.first, _xlfn._xlws.FILTER(_xlpm.cleaned, _xlpm.cleaned <> ""), INDEX(_xlpm.first, 1) )} -> SK | AJ52: {=_xlfn._xlws.FILTER(表格6[Full Name],(表格6[Name]=AI52)+(表格6[Name]&"_1"=AI52)+(表格6[Name]&"_2"=AI52)+(表格6[Name]&"_3"=AI52)+(表格6[Name]&"_4"=AI52)+(表格6[Name]&"_5"=AI52))} -> Ip Sau King | AK52: {=_xlfn._xlws.FILTER(三國演義!$C$13:$C$80,三國演義!$E$13:$E$80=Roster!AI52)} -> 48 | AL52: 60 | AM52: 0 | AN52: 0.02
A53: Tai Koo_2 Apita | B53: . | C53: . | D53: . | E53: . | F53: . | G53: . | H53: . | I53: . | J53: . | K53: . | L53: . | M53: . | N53: . | O53: . | P53: Tony_3 | Q53: . | R53: . | S53: . | T53: . | U53: . | V53: . | W53: . | X53: . | Y53: . | Z53: . | AA53: . | AB53: . | AC53: . | AD53: . | AE53: . | AF53: . | AG53: =COUNTA(B53:AF53)-COUNTIF(B53:AF53,"."&"*")-COUNTIF(B53:AF53,"off")-COUNTIF(B53:AF53,"SL"&" "&"*")-COUNTIF(B53:AF53,"PH"&" "&"*")-COUNTIF(B53:AF53,"AL"&" "&"*")-COUNTIF(B53:AF53,"CL"&" "&"*")-COUNTIF(B53:AF53,"Typhoon"&" "&"*")-COUNTIF(B53:AF53,"*"&"off")-COUNTIF(B53:AF53," "&"*") -> 1 | AH53: =AG53*8 -> 8 | AI53: {=_xlfn.LET( _xlpm.data, B53:AF53, _xlpm.removeList, {" off","."," SL","xxx"}, _xlpm.cleaned, TRIM(_xlfn.REDUCE(_xlpm.data, _xlpm.removeList, _xlfn.LAMBDA(_xlpm.arr,_xlpm.str, SUBSTITUTE(_xlpm.arr, _xlpm.str, "")))), _xlpm.first, _xlfn._xlws.FILTER(_xlpm.cleaned, _xlpm.cleaned <> ""), INDEX(_xlpm.first, 1) )} -> Tony_3 | AJ53: {=_xlfn._xlws.FILTER(表格6[Full Name],(表格6[Name]=AI53)+(表格6[Name]&"_1"=AI53)+(表格6[Name]&"_2"=AI53)+(表格6[Name]&"_3"=AI53)+(表格6[Name]&"_4"=AI53)+(表格6[Name]&"_5"=AI53))} -> Wong Tak Chung | AK53: {=_xlfn._xlws.FILTER(三國演義!$C$13:$C$80,三國演義!$E$13:$E$80=Roster!AI53)} -> 49 | AL53: 60 | AM53: 0 | AN53: 0.02
A54: Tai Koo_3 Apita | B54: . | C54: . | D54: . | E54: . | F54: . | G54: . | H54: . | I54: . | J54: . | K54: . | L54: . | M54: . | N54: . | O54: . | P54: . | Q54: . | R54: . | S54: . | T54: Terence_1 | U54: Terence_1 | V54: . | W54: . | X54: . | Y54: . | Z54: Terence_1 | AA54: . | AB54: . | AC54: . | AD54: . | AE54: . | AF54: . | AG54: =COUNTA(B54:AF54)-COUNTIF(B54:AF54,"."&"*")-COUNTIF(B54:AF54,"off")-COUNTIF(B54:AF54,"SL"&" "&"*")-COUNTIF(B54:AF54,"PH"&" "&"*")-COUNTIF(B54:AF54,"AL"&" "&"*")-COUNTIF(B54:AF54,"CL"&" "&"*")-COUNTIF(B54:AF54,"Typhoon"&" "&"*")-COUNTIF(B54:AF54,"*"&"off")-COUNTIF(B54:AF54," "&"*") -> 3 | AH54: =AG54*8 -> 24 | AI54: {=_xlfn.LET( _xlpm.data, B54:AF54, _xlpm.removeList, {" off","."," SL","xxx"}, _xlpm.cleaned, TRIM(_xlfn.REDUCE(_xlpm.data, _xlpm.removeList, _xlfn.LAMBDA(_xlpm.arr,_xlpm.str, SUBSTITUTE(_xlpm.arr, _xlpm.str, "")))), _xlpm.first, _xlfn._xlws.FILTER(_xlpm.cleaned, _xlpm.cleaned <> ""), INDEX(_xlpm.first, 1) )} -> Terence_1 | AJ54: {=_xlfn._xlws.FILTER(表格6[Full Name],(表格6[Name]=AI54)+(表格6[Name]&"_1"=AI54)+(表格6[Name]&"_2"=AI54)+(表格6[Name]&"_3"=AI54)+(表格6[Name]&"_4"=AI54)+(表格6[Name]&"_5"=AI54))} -> Tsang Tak Kin | AK54: {=_xlfn._xlws.FILTER(三國演義!$C$13:$C$80,三國演義!$E$13:$E$80=Roster!AI54)} -> 50 | AL54: 60 | AM54: 0
A55: Kln Bay Demo Broadway | B55: PoWan | C55: PoWan | D55: PoWan | E55: PoWan | F55: PoWan | G55: PoWan | H55: PoWan | I55: PoWan | J55: PoWan | K55: . | L55: . | M55: . | N55: . | O55: . | P55: . | Q55: . | R55: . | S55: . | T55: . | U55: . | V55: . | W55: . | X55: . | Y55: . | Z55: . | AA55: . | AB55: . | AC55: . | AD55: . | AE55: . | AF55: . | AG55: =COUNTA(B55:AF55)-COUNTIF(B55:AF55,"."&"*")-COUNTIF(B55:AF55,"off")-COUNTIF(B55:AF55,"SL"&" "&"*")-COUNTIF(B55:AF55,"PH"&" "&"*")-COUNTIF(B55:AF55,"AL"&" "&"*")-COUNTIF(B55:AF55,"CL"&" "&"*")-COUNTIF(B55:AF55,"Typhoon"&" "&"*")-COUNTIF(B55:AF55,"*"&"off")-COUNTIF(B55:AF55," "&"*") -> 9 | AH55: =AG55*8 -> 72 | AI55: {=_xlfn.LET( _xlpm.data, B55:AF55, _xlpm.removeList, {" off","."," SL","xxx"}, _xlpm.cleaned, TRIM(_xlfn.REDUCE(_xlpm.data, _xlpm.removeList, _xlfn.LAMBDA(_xlpm.arr,_xlpm.str, SUBSTITUTE(_xlpm.arr, _xlpm.str, "")))), _xlpm.first, _xlfn._xlws.FILTER(_xlpm.cleaned, _xlpm.cleaned <> ""), INDEX(_xlpm.first, 1) )} -> PoWan | AJ55: {=_xlfn._xlws.FILTER(表格6[Full Name],(表格6[Name]=AI55)+(表格6[Name]&"_1"=AI55)+(表格6[Name]&"_2"=AI55)+(表格6[Name]&"_3"=AI55)+(表格6[Name]&"_4"=AI55)+(表格6[Name]&"_5"=AI55))} -> Ng Po Wan | AK55: {=_xlfn._xlws.FILTER(三國演義!$C$13:$C$80,三國演義!$E$13:$E$80=Roster!AI55)} -> 51 | AL55: 80 | AM55: 0 | AN55: 0.02
A56: CWB Sogo | B56: . | C56: . | D56: . | E56: . | F56: . | G56: . | H56: . | I56: . | J56: . | K56: . | L56: . | M56: . | N56: . | O56: . | P56: . | Q56: Maggie Ho_2 | R56: Maggie Ho_2 | S56: . | T56: . | U56: Maggie Ho_2 | V56: Maggie Ho_2 | W56: . | X56: Maggie Ho_2 | Y56: Maggie Ho_2 | Z56: . | AA56: Maggie Ho_2 | AB56: Maggie Ho_2 | AC56: . | AD56: . | AE56: . | AF56: . | AG56: =COUNTA(B56:AF56)-COUNTIF(B56:AF56,"."&"*")-COUNTIF(B56:AF56,"off")-COUNTIF(B56:AF56,"SL"&" "&"*")-COUNTIF(B56:AF56,"PH"&" "&"*")-COUNTIF(B56:AF56,"AL"&" "&"*")-COUNTIF(B56:AF56,"CL"&" "&"*")-COUNTIF(B56:AF56,"Typhoon"&" "&"*")-COUNTIF(B56:AF56,"*"&"off")-COUNTIF(B56:AF56," "&"*") -> 8 | AH56: =AG56*8 -> 64 | AI56: {=_xlfn.LET( _xlpm.data, B56:AF56, _xlpm.removeList, {" off","."," SL","xxx"}, _xlpm.cleaned, TRIM(_xlfn.REDUCE(_xlpm.data, _xlpm.removeList, _xlfn.LAMBDA(_xlpm.arr,_xlpm.str, SUBSTITUTE(_xlpm.arr, _xlpm.str, "")))), _xlpm.first, _xlfn._xlws.FILTER(_xlpm.cleaned, _xlpm.cleaned <> ""), INDEX(_xlpm.first, 1) )} -> Maggie Ho_2 | AJ56: {=_xlfn._xlws.FILTER(表格6[Full Name],(表格6[Name]=AI56)+(表格6[Name]&"_1"=AI56)+(表格6[Name]&"_2"=AI56)+(表格6[Name]&"_3"=AI56)+(表格6[Name]&"_4"=AI56)+(表格6[Name]&"_5"=AI56))} -> Ho Lai Kuen | AK56: {=_xlfn._xlws.FILTER(三國演義!$C$13:$C$80,三國演義!$E$13:$E$80=Roster!AI56)} -> 52 | AL56: 65 | AM56: 0
A57: TSW RS Tung Yuen | B57: . | C57: . | D57: . | E57: . | F57: . | G57: Ivy Wong_2 | H57: Ivy Wong_2 | I57: Ivy Wong_2 | J57: Ivy Wong_2 | K57: . | L57: . | M57: . | N57: . | O57: . | P57: . | Q57: . | R57: . | S57: . | T57: . | U57: . | V57: . | W57: . | X57: . | Y57: . | Z57: . | AA57: . | AB57: . | AC57: . | AD57: . | AE57: . | AF57: . | AG57: =COUNTA(B57:AF57)-COUNTIF(B57:AF57,"."&"*")-COUNTIF(B57:AF57,"off")-COUNTIF(B57:AF57,"SL"&" "&"*")-COUNTIF(B57:AF57,"PH"&" "&"*")-COUNTIF(B57:AF57,"AL"&" "&"*")-COUNTIF(B57:AF57,"CL"&" "&"*")-COUNTIF(B57:AF57,"Typhoon"&" "&"*")-COUNTIF(B57:AF57,"*"&"off")-COUNTIF(B57:AF57," "&"*") -> 4 | AH57: 35.5 | AI57: {=_xlfn.LET( _xlpm.data, B57:AF57, _xlpm.removeList, {" off","."," SL","xxx"}, _xlpm.cleaned, TRIM(_xlfn.REDUCE(_xlpm.data, _xlpm.removeList, _xlfn.LAMBDA(_xlpm.arr,_xlpm.str, SUBSTITUTE(_xlpm.arr, _xlpm.str, "")))), _xlpm.first, _xlfn._xlws.FILTER(_xlpm.cleaned, _xlpm.cleaned <> ""), INDEX(_xlpm.first, 1) )} -> Ivy Wong_2 | AJ57: {=_xlfn._xlws.FILTER(表格6[Full Name],(表格6[Name]=AI57)+(表格6[Name]&"_1"=AI57)+(表格6[Name]&"_2"=AI57)+(表格6[Name]&"_3"=AI57)+(表格6[Name]&"_4"=AI57)+(表格6[Name]&"_5"=AI57))} -> Wong Wai Chu | AK57: {=_xlfn._xlws.FILTER(三國演義!$C$13:$C$80,三國演義!$E$13:$E$80=Roster!AI57)} -> 53 | AL57: 60 | AM57: 0
A58: TC RS Tung Yuen | B58: . | C58: . | D58: . | E58: . | F58: . | G58: . | H58: . | I58: . | J58: . | K58: . | L58: . | M58: . | N58: . | O58: . | P58: . | Q58: . | R58: . | S58: . | T58: . | U58: Ho_2 | V58: Ho_2 | W58: Ho_2 | X58: Ho_2 | Y58: . | Z58: . | AA58: . | AB58: . | AC58: . | AD58: . | AE58: . | AF58: . | AG58: =COUNTA(B58:AF58)-COUNTIF(B58:AF58,"."&"*")-COUNTIF(B58:AF58,"off")-COUNTIF(B58:AF58,"SL"&" "&"*")-COUNTIF(B58:AF58,"PH"&" "&"*")-COUNTIF(B58:AF58,"AL"&" "&"*")-COUNTIF(B58:AF58,"CL"&" "&"*")-COUNTIF(B58:AF58,"Typhoon"&" "&"*")-COUNTIF(B58:AF58,"*"&"off")-COUNTIF(B58:AF58," "&"*") -> 4 | AH58: =AG58*8 -> 32 | AI58: {=_xlfn.LET( _xlpm.data, B58:AF58, _xlpm.removeList, {" off","."," SL","xxx"}, _xlpm.cleaned, TRIM(_xlfn.REDUCE(_xlpm.data, _xlpm.removeList, _xlfn.LAMBDA(_xlpm.arr,_xlpm.str, SUBSTITUTE(_xlpm.arr, _xlpm.str, "")))), _xlpm.first, _xlfn._xlws.FILTER(_xlpm.cleaned, _xlpm.cleaned <> ""), INDEX(_xlpm.first, 1) )} -> Ho_2 | AJ58: {=_xlfn._xlws.FILTER(表格6[Full Name],(表格6[Name]=AI58)+(表格6[Name]&"_1"=AI58)+(表格6[Name]&"_2"=AI58)+(表格6[Name]&"_3"=AI58)+(表格6[Name]&"_4"=AI58)+(表格6[Name]&"_5"=AI58))} -> Kwan Tit Ho | AK58: {=_xlfn._xlws.FILTER(三國演義!$C$13:$C$80,三國演義!$E$13:$E$80=Roster!AI58)} -> 54 | AL58: 60 | AM58: 0
A59: TM RS Fortress | B59: . | C59: . | D59: . | E59: . | F59: . | G59: . | H59: . | I59: . | J59: . | K59: . | L59: . | M59: . | N59: . | O59: . | P59: . | Q59: . | R59: . | S59: . | T59: . | U59: . | V59: . | W59: . | X59: . | Y59: . | Z59: . | AA59: . | AB59: Terence_2 | AC59: Terence_2 | AD59: Terence_2 | AE59: Terence_2 | AF59: . | AG59: =COUNTA(B59:AF59)-COUNTIF(B59:AF59,"."&"*")-COUNTIF(B59:AF59,"off")-COUNTIF(B59:AF59,"SL"&" "&"*")-COUNTIF(B59:AF59,"PH"&" "&"*")-COUNTIF(B59:AF59,"AL"&" "&"*")-COUNTIF(B59:AF59,"CL"&" "&"*")-COUNTIF(B59:AF59,"Typhoon"&" "&"*")-COUNTIF(B59:AF59,"*"&"off")-COUNTIF(B59:AF59," "&"*") -> 4 | AH59: =AG59*10 -> 40 | AI59: {=_xlfn.LET( _xlpm.data, B59:AF59, _xlpm.removeList, {" off","."," SL","xxx"}, _xlpm.cleaned, TRIM(_xlfn.REDUCE(_xlpm.data, _xlpm.removeList, _xlfn.LAMBDA(_xlpm.arr,_xlpm.str, SUBSTITUTE(_xlpm.arr, _xlpm.str, "")))), _xlpm.first, _xlfn._xlws.FILTER(_xlpm.cleaned, _xlpm.cleaned <> ""), INDEX(_xlpm.first, 1) )} -> Terence_2 | AJ59: {=_xlfn._xlws.FILTER(表格6[Full Name],(表格6[Name]=AI59)+(表格6[Name]&"_1"=AI59)+(表格6[Name]&"_2"=AI59)+(表格6[Name]&"_3"=AI59)+(表格6[Name]&"_4"=AI59)+(表格6[Name]&"_5"=AI59))} -> Tsang Tak Kin | AK59: {=_xlfn._xlws.FILTER(三國演義!$C$13:$C$80,三國演義!$E$13:$E$80=Roster!AI59)} -> 55 | AL59: 60 | AM59: 0
A60: Tsuen Wan Aeon | B60: Ho_1 | C60: Ho_1 | D60: Ho_1 | E60: Ho_1 off | F60: Ho_1 | G60: Ho_1 | H60: Ho_1 | I60: Ho_1 | J60: Ho_1 | K60: Ho_1 | L60: Ho_1 | M60: Ho_1 | N60: Ho_1 off | O60: Ho_1 | P60: Ho_1 | Q60: . | R60: . | S60: . | T60: . | U60: . | V60: . | W60: . | X60: . | Y60: . | Z60: . | AA60: . | AB60: . | AC60: . | AD60: . | AE60: . | AF60: . | AG60: =COUNTA(B60:AF60)-COUNTIF(B60:AF60,"."&"*")-COUNTIF(B60:AF60,"off")-COUNTIF(B60:AF60,"SL"&" "&"*")-COUNTIF(B60:AF60,"PH"&" "&"*")-COUNTIF(B60:AF60,"AL"&" "&"*")-COUNTIF(B60:AF60,"CL"&" "&"*")-COUNTIF(B60:AF60,"Typhoon"&" "&"*")-COUNTIF(B60:AF60,"*"&"off")-COUNTIF(B60:AF60," "&"*") -> 13 | AH60: =AG60*8 -> 104 | AI60: {=_xlfn.LET( _xlpm.data, B60:AF60, _xlpm.removeList, {" off","."," SL","xxx"}, _xlpm.cleaned, TRIM(_xlfn.REDUCE(_xlpm.data, _xlpm.removeList, _xlfn.LAMBDA(_xlpm.arr,_xlpm.str, SUBSTITUTE(_xlpm.arr, _xlpm.str, "")))), _xlpm.first, _xlfn._xlws.FILTER(_xlpm.cleaned, _xlpm.cleaned <> ""), INDEX(_xlpm.first, 1) )} -> Ho_1 | AJ60: {=_xlfn._xlws.FILTER(表格6[Full Name],(表格6[Name]=AI60)+(表格6[Name]&"_1"=AI60)+(表格6[Name]&"_2"=AI60)+(表格6[Name]&"_3"=AI60)+(表格6[Name]&"_4"=AI60)+(表格6[Name]&"_5"=AI60))} -> Kwan Tit Ho | AK60: {=_xlfn._xlws.FILTER(三國演義!$C$13:$C$80,三國演義!$E$13:$E$80=Roster!AI60)} -> 56 | AL60: 60 | AM60: 0 | AN60: 0.02
A61: Panda Aeon | B61: Winnie | C61: . | D61: . | E61: . | F61: . | G61: . | H61: Winnie | I61: Winnie | J61: . | K61: . | L61: . | M61: . | N61: . | O61: Winnie | P61: Winnie | Q61: . | R61: . | S61: . | T61: . | U61: . | V61: . | W61: . | X61: . | Y61: . | Z61: . | AA61: . | AB61: . | AC61: . | AD61: . | AE61: . | AF61: . | AG61: =COUNTA(B61:AF61)-COUNTIF(B61:AF61,"."&"*")-COUNTIF(B61:AF61,"off")-COUNTIF(B61:AF61,"SL"&" "&"*")-COUNTIF(B61:AF61,"PH"&" "&"*")-COUNTIF(B61:AF61,"AL"&" "&"*")-COUNTIF(B61:AF61,"CL"&" "&"*")-COUNTIF(B61:AF61,"Typhoon"&" "&"*")-COUNTIF(B61:AF61,"*"&"off")-COUNTIF(B61:AF61," "&"*") -> 5 | AH61: =AG61*8 -> 40 | AI61: {=_xlfn.LET( _xlpm.data, B61:AF61, _xlpm.removeList, {" off","."," SL","xxx"}, _xlpm.cleaned, TRIM(_xlfn.REDUCE(_xlpm.data, _xlpm.removeList, _xlfn.LAMBDA(_xlpm.arr,_xlpm.str, SUBSTITUTE(_xlpm.arr, _xlpm.str, "")))), _xlpm.first, _xlfn._xlws.FILTER(_xlpm.cleaned, _xlpm.cleaned <> ""), INDEX(_xlpm.first, 1) )} -> Winnie | AJ61: {=_xlfn._xlws.FILTER(表格6[Full Name],(表格6[Name]=AI61)+(表格6[Name]&"_1"=AI61)+(表格6[Name]&"_2"=AI61)+(表格6[Name]&"_3"=AI61)+(表格6[Name]&"_4"=AI61)+(表格6[Name]&"_5"=AI61))} -> Lee Yee Wan | AK61: {=_xlfn._xlws.FILTER(三國演義!$C$13:$C$80,三國演義!$E$13:$E$80=Roster!AI61)} -> 57 | AL61: 60 | AM61: 0 | AN61: 0.02
A62: LCK Aeon | B62: Wendy Lau | C62: . | D62: . | E62: . | F62: . | G62: . | H62: Wendy Lau | I62: Wendy Lau | J62: . | K62: . | L62: . | M62: . | N62: . | O62: Wendy Lau | P62: Wendy Lau | Q62: . | R62: . | S62: . | T62: . | U62: . | V62: . | W62: . | X62: . | Y62: . | Z62: . | AA62: . | AB62: . | AC62: . | AD62: . | AE62: . | AF62: . | AG62: =COUNTA(B62:AF62)-COUNTIF(B62:AF62,"."&"*")-COUNTIF(B62:AF62,"off")-COUNTIF(B62:AF62,"SL"&" "&"*")-COUNTIF(B62:AF62,"PH"&" "&"*")-COUNTIF(B62:AF62,"AL"&" "&"*")-COUNTIF(B62:AF62,"CL"&" "&"*")-COUNTIF(B62:AF62,"Typhoon"&" "&"*")-COUNTIF(B62:AF62,"*"&"off")-COUNTIF(B62:AF62," "&"*") -> 5 | AH62: =AG62*8 -> 40 | AI62: {=_xlfn.LET( _xlpm.data, B62:AF62, _xlpm.removeList, {" off","."," SL","xxx"}, _xlpm.cleaned, TRIM(_xlfn.REDUCE(_xlpm.data, _xlpm.removeList, _xlfn.LAMBDA(_xlpm.arr,_xlpm.str, SUBSTITUTE(_xlpm.arr, _xlpm.str, "")))), _xlpm.first, _xlfn._xlws.FILTER(_xlpm.cleaned, _xlpm.cleaned <> ""), INDEX(_xlpm.first, 1) )} -> Wendy Lau | AJ62: {=_xlfn._xlws.FILTER(表格6[Full Name],(表格6[Name]=AI62)+(表格6[Name]&"_1"=AI62)+(表格6[Name]&"_2"=AI62)+(表格6[Name]&"_3"=AI62)+(表格6[Name]&"_4"=AI62)+(表格6[Name]&"_5"=AI62))} -> Lau Kwan Wai | AK62: {=_xlfn._xlws.FILTER(三國演義!$C$13:$C$80,三國演義!$E$13:$E$80=Roster!AI62)} -> 58 | AL62: 60 | AM62: 0 | AN62: 0.02
A63: Megabox Aeon | B63: Me | C63: Me | D63: Me | E63: Me | F63: Me off | G63: Me | H63: Me | I63: Me | J63: Me | K63: Me | L63: Me off | M63: Me | N63: Me | O63: Me | P63: Me | Q63: . | R63: . | S63: . | T63: . | U63: . | V63: . | W63: . | X63: . | Y63: . | Z63: . | AA63: . | AB63: . | AC63: . | AD63: . | AE63: . | AF63: . | AG63: =COUNTA(B63:AF63)-COUNTIF(B63:AF63,"."&"*")-COUNTIF(B63:AF63,"off")-COUNTIF(B63:AF63,"SL"&" "&"*")-COUNTIF(B63:AF63,"PH"&" "&"*")-COUNTIF(B63:AF63,"AL"&" "&"*")-COUNTIF(B63:AF63,"CL"&" "&"*")-COUNTIF(B63:AF63,"Typhoon"&" "&"*")-COUNTIF(B63:AF63,"*"&"off")-COUNTIF(B63:AF63," "&"*") -> 13 | AH63: =AG63*8 -> 104 | AI63: {=_xlfn.LET( _xlpm.data, B63:AF63, _xlpm.removeList, {" off","."," SL","xxx"}, _xlpm.cleaned, TRIM(_xlfn.REDUCE(_xlpm.data, _xlpm.removeList, _xlfn.LAMBDA(_xlpm.arr,_xlpm.str, SUBSTITUTE(_xlpm.arr, _xlpm.str, "")))), _xlpm.first, _xlfn._xlws.FILTER(_xlpm.cleaned, _xlpm.cleaned <> ""), INDEX(_xlpm.first, 1) )} -> Me | AJ63: {=_xlfn._xlws.FILTER(表格6[Full Name],(表格6[Name]=AI63)+(表格6[Name]&"_1"=AI63)+(表格6[Name]&"_2"=AI63)+(表格6[Name]&"_3"=AI63)+(表格6[Name]&"_4"=AI63)+(表格6[Name]&"_5"=AI63))} -> Ngai Kong Ying | AK63: {=_xlfn._xlws.FILTER(三國演義!$C$13:$C$80,三國演義!$E$13:$E$80=Roster!AI63)} -> 59 | AL63: 60 | AM63: 0 | AN63: 0.02
A64: Yau Tong Aeon | B64: Pinky | C64: . | D64: . | E64: . | F64: . | G64: . | H64: Pinky | I64: Pinky | J64: . | K64: . | L64: . | M64: . | N64: . | O64: Pinky | P64: Pinky | Q64: . | R64: . | S64: . | T64: . | U64: . | V64: . | W64: . | X64: . | Y64: . | Z64: . | AA64: . | AB64: . | AC64: . | AD64: . | AE64: . | AF64: . | AG64: =COUNTA(B64:AF64)-COUNTIF(B64:AF64,"."&"*")-COUNTIF(B64:AF64,"off")-COUNTIF(B64:AF64,"SL"&" "&"*")-COUNTIF(B64:AF64,"PH"&" "&"*")-COUNTIF(B64:AF64,"AL"&" "&"*")-COUNTIF(B64:AF64,"CL"&" "&"*")-COUNTIF(B64:AF64,"Typhoon"&" "&"*")-COUNTIF(B64:AF64,"*"&"off")-COUNTIF(B64:AF64," "&"*") -> 5 | AH64: =AG64*8 -> 40 | AI64: {=_xlfn.LET( _xlpm.data, B64:AF64, _xlpm.removeList, {" off","."," SL","xxx"}, _xlpm.cleaned, TRIM(_xlfn.REDUCE(_xlpm.data, _xlpm.removeList, _xlfn.LAMBDA(_xlpm.arr,_xlpm.str, SUBSTITUTE(_xlpm.arr, _xlpm.str, "")))), _xlpm.first, _xlfn._xlws.FILTER(_xlpm.cleaned, _xlpm.cleaned <> ""), INDEX(_xlpm.first, 1) )} -> Pinky | AJ64: {=_xlfn._xlws.FILTER(表格6[Full Name],(表格6[Name]=AI64)+(表格6[Name]&"_1"=AI64)+(表格6[Name]&"_2"=AI64)+(表格6[Name]&"_3"=AI64)+(表格6[Name]&"_4"=AI64)+(表格6[Name]&"_5"=AI64))} -> Cheung Yin Ping | AK64: {=_xlfn._xlws.FILTER(三國演義!$C$13:$C$80,三國演義!$E$13:$E$80=Roster!AI64)} -> 60 | AL64: 60 | AM64: 0 | AN64: 0.02
A65: TKO Aeon | B65: Maggie Ho_1 | C65: . | D65: . | E65: . | F65: . | G65: . | H65: Maggie Ho_1 | I65: Maggie Ho_1 | J65: . | K65: . | L65: . | M65: . | N65: . | O65: Maggie Ho_1 | P65: Maggie Ho_1 | Q65: . | R65: . | S65: . | T65: . | U65: . | V65: . | W65: . | X65: . | Y65: . | Z65: . | AA65: . | AB65: . | AC65: . | AD65: . | AE65: . | AF65: . | AG65: =COUNTA(B65:AF65)-COUNTIF(B65:AF65,"."&"*")-COUNTIF(B65:AF65,"off")-COUNTIF(B65:AF65,"SL"&" "&"*")-COUNTIF(B65:AF65,"PH"&" "&"*")-COUNTIF(B65:AF65,"AL"&" "&"*")-COUNTIF(B65:AF65,"CL"&" "&"*")-COUNTIF(B65:AF65,"Typhoon"&" "&"*")-COUNTIF(B65:AF65,"*"&"off")-COUNTIF(B65:AF65," "&"*") -> 5 | AH65: =AG65*8 -> 40 | AI65: {=_xlfn.LET( _xlpm.data, B65:AF65, _xlpm.removeList, {" off","."," SL","xxx"}, _xlpm.cleaned, TRIM(_xlfn.REDUCE(_xlpm.data, _xlpm.removeList, _xlfn.LAMBDA(_xlpm.arr,_xlpm.str, SUBSTITUTE(_xlpm.arr, _xlpm.str, "")))), _xlpm.first, _xlfn._xlws.FILTER(_xlpm.cleaned, _xlpm.cleaned <> ""), INDEX(_xlpm.first, 1) )} -> Maggie Ho_1 | AJ65: {=_xlfn._xlws.FILTER(表格6[Full Name],(表格6[Name]=AI65)+(表格6[Name]&"_1"=AI65)+(表格6[Name]&"_2"=AI65)+(表格6[Name]&"_3"=AI65)+(表格6[Name]&"_4"=AI65)+(表格6[Name]&"_5"=AI65))} -> Ho Lai Kuen | AK65: {=_xlfn._xlws.FILTER(三國演義!$C$13:$C$80,三國演義!$E$13:$E$80=Roster!AI65)} -> 61 | AL65: 65 | AM65: 0 | AN65: 0.02
A66: Training_1 | B66: . | C66: . | D66: . | E66: . | F66: . | G66: . | H66: . | I66: . | J66: . | K66: . | L66: . | M66: . | N66: . | O66: . | P66: . | Q66: . | R66: . | S66: . | T66: . | U66: . | V66: . | W66: . | X66: . | Y66: Eddy | Z66: . | AA66: . | AB66: . | AC66: . | AD66: . | AE66: . | AF66: . | AG66: 1 | AH66: 7 | AI66: {=_xlfn.LET( _xlpm.data, B66:AF66, _xlpm.removeList, {" off","."," SL","xxx"}, _xlpm.cleaned, TRIM(_xlfn.REDUCE(_xlpm.data, _xlpm.removeList, _xlfn.LAMBDA(_xlpm.arr,_xlpm.str, SUBSTITUTE(_xlpm.arr, _xlpm.str, "")))), _xlpm.first, _xlfn._xlws.FILTER(_xlpm.cleaned, _xlpm.cleaned <> ""), INDEX(_xlpm.first, 1) )} -> Eddy | AJ66: {=_xlfn._xlws.FILTER(表格6[Full Name],(表格6[Name]=AI66)+(表格6[Name]&"_1"=AI66)+(表格6[Name]&"_2"=AI66)+(表格6[Name]&"_3"=AI66)+(表格6[Name]&"_4"=AI66)+(表格6[Name]&"_5"=AI66))} -> Chan Chi Tim | AK66: {=_xlfn._xlws.FILTER(三國演義!$C$13:$C$80,三國演義!$E$13:$E$80=Roster!AI66)} -> 62 | AL66: 50 | AM66: 0
A67: Training_2 | B67: . | C67: . | D67: . | E67: . | F67: . | G67: . | H67: . | I67: . | J67: . | K67: . | L67: . | M67: . | N67: . | O67: . | P67: . | Q67: . | R67: . | S67: . | T67: . | U67: . | V67: . | W67: . | X67: . | Y67: Jenny | Z67: . | AA67: . | AB67: . | AC67: . | AD67: . | AE67: . | AF67: . | AG67: 1 | AH67: 7 | AI67: {=_xlfn.LET( _xlpm.data, B67:AF67, _xlpm.removeList, {" off","."," SL","xxx"}, _xlpm.cleaned, TRIM(_xlfn.REDUCE(_xlpm.data, _xlpm.removeList, _xlfn.LAMBDA(_xlpm.arr,_xlpm.str, SUBSTITUTE(_xlpm.arr, _xlpm.str, "")))), _xlpm.first, _xlfn._xlws.FILTER(_xlpm.cleaned, _xlpm.cleaned <> ""), INDEX(_xlpm.first, 1) )} -> Jenny | AJ67: {=_xlfn._xlws.FILTER(表格6[Full Name],(表格6[Name]=AI67)+(表格6[Name]&"_1"=AI67)+(表格6[Name]&"_2"=AI67)+(表格6[Name]&"_3"=AI67)+(表格6[Name]&"_4"=AI67)+(表格6[Name]&"_5"=AI67))} -> Pang Kam Chun | AK67: {=_xlfn._xlws.FILTER(三國演義!$C$13:$C$80,三國演義!$E$13:$E$80=Roster!AI67)} -> 63 | AL67: 50 | AM67: 0
A68: Training_3 | B68: . | C68: . | D68: . | E68: . | F68: . | G68: . | H68: . | I68: . | J68: . | K68: . | L68: . | M68: . | N68: . | O68: . | P68: . | Q68: . | R68: . | S68: . | T68: . | U68: . | V68: . | W68: . | X68: . | Y68: WanWah | Z68: . | AA68: . | AB68: . | AC68: . | AD68: . | AE68: . | AF68: . | AG68: 1 | AH68: 7 | AI68: {=_xlfn.LET( _xlpm.data, B68:AF68, _xlpm.removeList, {" off","."," SL","xxx"}, _xlpm.cleaned, TRIM(_xlfn.REDUCE(_xlpm.data, _xlpm.removeList, _xlfn.LAMBDA(_xlpm.arr,_xlpm.str, SUBSTITUTE(_xlpm.arr, _xlpm.str, "")))), _xlpm.first, _xlfn._xlws.FILTER(_xlpm.cleaned, _xlpm.cleaned <> ""), INDEX(_xlpm.first, 1) )} -> WanWah | AJ68: {=_xlfn._xlws.FILTER(表格6[Full Name],(表格6[Name]=AI68)+(表格6[Name]&"_1"=AI68)+(表格6[Name]&"_2"=AI68)+(表格6[Name]&"_3"=AI68)+(表格6[Name]&"_4"=AI68)+(表格6[Name]&"_5"=AI68))} -> Chan Wan Wah | AK68: {=_xlfn._xlws.FILTER(三國演義!$C$13:$C$80,三國演義!$E$13:$E$80=Roster!AI68)} -> 64 | AL68: 50 | AM68: 0
B69: . | C69: . | D69: . | E69: . | F69: . | G69: . | H69: . | I69: . | J69: . | K69: . | L69: . | M69: . | N69: . | O69: . | P69: . | Q69: . | R69: . | S69: . | T69: . | U69: . | V69: . | W69: . | X69: . | Y69: . | Z69: . | AA69: . | AB69: . | AC69: . | AD69: . | AE69: . | AF69: . | AG69: =COUNTA(B69:AF69)-COUNTIF(B69:AF69,"."&"*")-COUNTIF(B69:AF69,"off")-COUNTIF(B69:AF69,"SL"&" "&"*")-COUNTIF(B69:AF69,"PH"&" "&"*")-COUNTIF(B69:AF69,"AL"&" "&"*")-COUNTIF(B69:AF69,"CL"&" "&"*")-COUNTIF(B69:AF69,"Typhoon"&" "&"*")-COUNTIF(B69:AF69,"*"&"off")-COUNTIF(B69:AF69," "&"*") -> 0 | AH69: =AG69*8 -> 0 | AI69: {=_xlfn.LET( _xlpm.data, B69:AF69, _xlpm.removeList, {" off","."," SL","xxx"}, _xlpm.cleaned, TRIM(_xlfn.REDUCE(_xlpm.data, _xlpm.removeList, _xlfn.LAMBDA(_xlpm.arr,_xlpm.str, SUBSTITUTE(_xlpm.arr, _xlpm.str, "")))), _xlpm.first, _xlfn._xlws.FILTER(_xlpm.cleaned, _xlpm.cleaned <> ""), INDEX(_xlpm.first, 1) )} -> #VALUE! | AJ69: {=_xlfn._xlws.FILTER(表格6[Full Name],(表格6[Name]=AI69)+(表格6[Name]&"_1"=AI69)+(表格6[Name]&"_2"=AI69)+(表格6[Name]&"_3"=AI69)+(表格6[Name]&"_4"=AI69)+(表格6[Name]&"_5"=AI69))} -> #VALUE! | AK69: {=_xlfn._xlws.FILTER(三國演義!$C$13:$C$80,三國演義!$E$13:$E$80=Roster!AI69)} -> #VALUE!

Sheet editable-sales-form
L1: =SUBTOTAL(9,L3:L5502) -> 405 | N1: =SUBTOTAL(9,N3:N5502) -> 455239.6 | Q1: =+N1*0.02 -> 9104.792
A2: No. | B2: Shop | C2: Location | D2: Name | E2: month | F2: date | G2: Model | H2: Product Line | I2: 大/細電 | J2: Catalog | K2: Input | L2: QTY | M2: Unit Price | N2: Total Amount | O2: inv no | P2: apps report no. | Q2: remark2 | R2: Check | S2: SRP | T2: % | U2: 欄3 | V2: 欄4 | W2: 欄5
A3: 1 | B3: Aeon | C3: Panda | D3: =OFFSET(Roster!$A$3,MATCH(表格1[[#This Row],[Location]]&" "&表格1[[#This Row],[Shop]]&"*",Roster!$A$4:$A$72,0),DAY(表格1[[#This Row],[date]]),1,1) -> Winnie | E3: =MONTH(表格1[[#This Row],[date]]) -> 3 | F3: 46082 | G3: =VLOOKUP("*"&表格1[[#This Row],[Input]]&"*",'Ref-List'!$B:$D,2,) -> TWD-BN90GF4H(WK) | H3: =_xlfn.XLOOKUP(表格1[[#This Row],[Model]],表格3[Model-Input-Ref2],表格3[Product Line]) -> 超薄身前置式洗衣乾衣機 (洗8公斤 乾5公斤) | I3: =_xlfn.XLOOKUP(表格1[[#This Row],[Model]],表格3[Model-Input-Ref2],表格3[大小電]) -> 大電 | J3: =_xlfn.XLOOKUP(表格1[[#This Row],[Model]],表格3[Model-Input-Ref2],表格3[Code]) -> WM | K3: bn90 | L3: 1 | M3: 3588 | N3: =IFERROR(表格1[[#This Row],[QTY]]*表格1[[#This Row],[Unit Price]],"-") -> 3588 | O3: 5817993 | R3: =_xlfn.CONCAT(表格1[[#This Row],[Model]]," ",表格1[[#This Row],[inv no]]) -> TWD-BN90GF4H(WK) 5817993 | S3: =_xlfn.XLOOKUP(表格1[[#This Row],[Model]],表格3[Model-Input-Ref2],表格3[SRP PRICE]) -> 5980 | T3: =表格1[[#This Row],[Unit Price]]/表格1[[#This Row],[SRP]] -> 0.6 | U3: =_xlfn.XLOOKUP(表格1[[#This Row],[Model]],表格3[Model-Input-Ref2],表格3[TOSHIBA/HIGHEST]) -> Toshiba SRP | W3: =_xlfn.CONCAT(表格1[[#This Row],[欄4]],表格1[[#This Row],[inv no]]) -> 5817993
A4: 2 | B4: Aeon | C4: Panda | D4: =OFFSET(Roster!$A$3,MATCH(表格1[[#This Row],[Location]]&" "&表格1[[#This Row],[Shop]]&"*",Roster!$A$4:$A$72,0),DAY(表格1[[#This Row],[date]]),1,1) -> Winnie | E4: =MONTH(表格1[[#This Row],[date]]) -> 3 | F4: 46082 | G4: =VLOOKUP("*"&表格1[[#This Row],[Input]]&"*",'Ref-List'!$B:$D,2,) -> RC-15ISTHK(W) | H4: =_xlfn.XLOOKUP(表格1[[#This Row],[Model]],表格3[Model-Input-Ref2],表格3[Product Line]) -> 磁應電飯煲(1.5公升) | I4: =_xlfn.XLOOKUP(表格1[[#This Row],[Model]],表格3[Model-Input-Ref2],表格3[大小電]) -> 細電 | J4: =_xlfn.XLOOKUP(表格1[[#This Row],[Model]],表格3[Model-Input-Ref2],表格3[Code]) -> SDA | K4: 15ist | L4: 1 | M4: 500 | N4: =IFERROR(表格1[[#This Row],[QTY]]*表格1[[#This Row],[Unit Price]],"-") -> 500 | O4: 5817988 | R4: =_xlfn.CONCAT(表格1[[#This Row],[Model]]," ",表格1[[#This Row],[inv no]]) -> RC-15ISTHK(W) 5817988 | S4: =_xlfn.XLOOKUP(表格1[[#This Row],[Model]],表格3[Model-Input-Ref2],表格3[SRP PRICE]) -> 1688 | T4: =表格1[[#This Row],[Unit Price]]/表格1[[#This Row],[SRP]] -> 0.29620853 | U4: =_xlfn.XLOOKUP(表格1[[#This Row],[Model]],表格3[Model-Input-Ref2],表格3[TOSHIBA/HIGHEST]) -> Toshiba SRP | W4: =_xlfn.CONCAT(表格1[[#This Row],[欄4]],表格1[[#This Row],[inv no]]) -> 5817988
A5: 3 | B5: Aeon | C5: Panda | D5: =OFFSET(Roster!$A$3,MATCH(表格1[[#This Row],[Location]]&" "&表格1[[#This Row],[Shop]]&"*",Roster!$A$4:$A$72,0),DAY(表格1[[#This Row],[date]]),1,1) -> Winnie | E5: =MONTH(表格1[[#This Row],[date]]) -> 3 | F5: 46082 | G5: =VLOOKUP("*"&表格1[[#This Row],[Input]]&"*",'Ref-List'!$B:$D,2,) -> RC-15ISTHK(W) | H5: =_xlfn.XLOOKUP(表格1[[#This Row],[Model]],表格3[Model-Input-Ref2],表格3[Product Line]) -> 磁應電飯煲(1.5公升) | I5: =_xlfn.XLOOKUP(表格1[[#This Row],[Model]],表格3[Model-Input-Ref2],表格3[大小電]) -> 細電 | J5: =_xlfn.XLOOKUP(表格1[[#This Row],[Model]],表格3[Model-Input-Ref2],表格3[Code]) -> SDA | K5: 15ist | L5: 1 | M5: 500 | N5: =IFERROR(表格1[[#This Row],[QTY]]*表格1[[#This Row],[Unit Price]],"-") -> 500 | O5: 5817996 | R5: =_xlfn.CONCAT(表格1[[#This Row],[Model]]," ",表格1[[#This Row],[inv no]]) -> RC-15ISTHK(W) 5817996 | S5: =_xlfn.XLOOKUP(表格1[[#This Row],[Model]],表格3[Model-Input-Ref2],表格3[SRP PRICE]) -> 1688 | T5: =表格1[[#This Row],[Unit Price]]/表格1[[#This Row],[SRP]] -> 0.29620853 | U5: =_xlfn.XLOOKUP(表格1[[#This Row],[Model]],表格3[Model-Input-Ref2],表格3[TOSHIBA/HIGHEST]) -> Toshiba SRP | V5: 110 | W5: =_xlfn.CONCAT(表格1[[#This Row],[欄4]],表格1[[#This Row],[inv no]]) -> 1105817996
A6: 4 | B6: Aeon | C6: Panda | D6: =OFFSET(Roster!$A$3,MATCH(表格1[[#This Row],[Location]]&" "&表格1[[#This Row],[Shop]]&"*",Roster!$A$4:$A$72,0),DAY(表格1[[#This Row],[date]]),1,1) -> Winnie | E6: =MONTH(表格1[[#This Row],[date]]) -> 3 | F6: 46082 | G6: =VLOOKUP("*"&表格1[[#This Row],[Input]]&"*",'Ref-List'!$B:$D,2,) -> GR-A26HSZ(DS) | H6: =_xlfn.XLOOKUP(表格1[[#This Row],[Model]],表格3[Model-Input-Ref2],表格3[Product Line]) -> 雙門變頻式環保雪櫃 | I6: =_xlfn.XLOOKUP(表格1[[#This Row],[Model]],表格3[Model-Input-Ref2],表格3[大小電]) -> 大電 | J6: =_xlfn.XLOOKUP(表格1[[#This Row],[Model]],表格3[Model-Input-Ref2],表格3[Code]) -> AC | K6: a26hsz | L6: 1 | M6: 1500 | N6: =IFERROR(表格1[[#This Row],[QTY]]*表格1[[#This Row],[Unit Price]],"-") -> 1500 | O6: 5817973 | R6: =_xlfn.CONCAT(表格1[[#This Row],[Model]]," ",表格1[[#This Row],[inv no]]) -> GR-A26HSZ(DS) 5817973 | S6: =_xlfn.XLOOKUP(表格1[[#This Row],[Model]],表格3[Model-Input-Ref2],表格3[SRP PRICE]) -> 3780 | T6: =表格1[[#This Row],[Unit Price]]/表格1[[#This Row],[SRP]] -> 0.3968254 | U6: =_xlfn.XLOOKUP(表格1[[#This Row],[Model]],表格3[Model-Input-Ref2],表格3[TOSHIBA/HIGHEST]) -> Toshiba SRP | V6: 110 | W6: =_xlfn.CONCAT(表格1[[#This Row],[欄4]],表格1[[#This Row],[inv no]]) -> 1105817973
A7: 5 | B7: Aeon | C7: Panda | D7: =OFFSET(Roster!$A$3,MATCH(表格1[[#This Row],[Location]]&" "&表格1[[#This Row],[Shop]]&"*",Roster!$A$4:$A$72,0),DAY(表格1[[#This Row],[date]]),1,1) -> Winnie | E7: =MONTH(表格1[[#This Row],[date]]) -> 3 | F7: 46082 | G7: =VLOOKUP("*"&表格1[[#This Row],[Input]]&"*",'Ref-List'!$B:$D,2,) -> RC-15ISTHK(W) | H7: =_xlfn.XLOOKUP(表格1[[#This Row],[Model]],表格3[Model-Input-Ref2],表格3[Product Line]) -> 磁應電飯煲(1.5公升) | I7: =_xlfn.XLOOKUP(表格1[[#This Row],[Model]],表格3[Model-Input-Ref2],表格3[大小電]) -> 細電 | J7: =_xlfn.XLOOKUP(表格1[[#This Row],[Model]],表格3[Model-Input-Ref2],表格3[Code]) -> SDA | K7: 15ist | L7: 1 | M7: 500 | N7: =IFERROR(表格1[[#This Row],[QTY]]*表格1[[#This Row],[Unit Price]],"-") -> 500 | O7: 5817973 | R7: =_xlfn.CONCAT(表格1[[#This Row],[Model]]," ",表格1[[#This Row],[inv no]]) -> RC-15ISTHK(W) 5817973 | S7: =_xlfn.XLOOKUP(表格1[[#This Row],[Model]],表格3[Model-Input-Ref2],表格3[SRP PRICE]) -> 1688 | T7: =表格1[[#This Row],[Unit Price]]/表格1[[#This Row],[SRP]] -> 0.29620853 | U7: =_xlfn.XLOOKUP(表格1[[#This Row],[Model]],表格3[Model-Input-Ref2],表格3[TOSHIBA/HIGHEST]) -> Toshiba SRP | V7: 110 | W7: =_xlfn.CONCAT(表格1[[#This Row],[欄4]],表格1[[#This Row],[inv no]]) -> 1105817973
A8: 6 | B8: Aeon | C8: Panda | D8: =OFFSET(Roster!$A$3,MATCH(表格1[[#This Row],[Location]]&" "&表格1[[#This Row],[Shop]]&"*",Roster!$A$4:$A$72,0),DAY(表格1[[#This Row],[date]]),1,1) -> Winnie | E8: =MONTH(表格1[[#This Row],[date]]) -> 3 | F8: 46082 | G8: =VLOOKUP("*"&表格1[[#This Row],[Input]]&"*",'Ref-List'!$B:$D,2,) -> TW-BL85A2H(WW) | H8: =_xlfn.XLOOKUP(表格1[[#This Row],[Model]],表格3[Model-Input-Ref2],表格3[Product Line]) -> 7.5KG超薄身前置式變頻洗衣機 | I8: =_xlfn.XLOOKUP(表格1[[#This Row],[Model]],表格3[Model-Input-Ref2],表格3[大小電]) -> 大電 | J8: =_xlfn.XLOOKUP(表格1[[#This Row],[Model]],表格3[Model-Input-Ref2],表格3[Code]) -> WM | K8: bl85a2 | L8: 1 | M8: 2588 | N8: =IFERROR(表格1[[#This Row],[QTY]]*表格1[[#This Row],[Unit Price]],"-") -> 2588 | O8: 5817997 | R8: =_xlfn.CONCAT(表格1[[#This Row],[Model]]," ",表格1[[#This Row],[inv no]]) -> TW-BL85A2H(WW) 5817997 | S8: =_xlfn.XLOOKUP(表格1[[#This Row],[Model]],表格3[Model-Input-Ref2],表格3[SRP PRICE]) -> 5080 | T8: =表格1[[#This Row],[Unit Price]]/表格1[[#This Row],[SRP]] -> 0.50944882 | U8: =_xlfn.XLOOKUP(表格1[[#This Row],[Model]],表格3[Model-Input-Ref2],表格3[TOSHIBA/HIGHEST]) -> Toshiba SRP | V8: 110 | W8: =_xlfn.CONCAT(表格1[[#This Row],[欄4]],表格1[[#This Row],[inv no]]) -> 1105817997
A9: 7 | B9: Aeon | C9: Panda | D9: =OFFSET(Roster!$A$3,MATCH(表格1[[#This Row],[Location]]&" "&表格1[[#This Row],[Shop]]&"*",Roster!$A$4:$A$72,0),DAY(表格1[[#This Row],[date]]),1,1) -> Winnie | E9: =MONTH(表格1[[#This Row],[date]]) -> 3 | F9: 46082 | G9: =VLOOKUP("*"&表格1[[#This Row],[Input]]&"*",'Ref-List'!$B:$D,2,) -> TWP-TSR76THK(W) | H9: =_xlfn.XLOOKUP(表格1[[#This Row],[Model]],表格3[Model-Input-Ref2],表格3[Product Line]) -> RO座檯式飲水機 | I9: =_xlfn.XLOOKUP(表格1[[#This Row],[Model]],表格3[Model-Input-Ref2],表格3[大小電]) -> 細電 | J9: =_xlfn.XLOOKUP(表格1[[#This Row],[Model]],表格3[Model-Input-Ref2],表格3[Code]) -> KWH | K9: tsr76 | L9: 1 | M9: 1500 | N9: =IFERROR(表格1[[#This Row],[QTY]]*表格1[[#This Row],[Unit Price]],"-") -> 1500 | O9: 6053083 | R9: =_xlfn.CONCAT(表格1[[#This Row],[Model]]," ",表格1[[#This Row],[inv no]]) -> TWP-TSR76THK(W) 6053083 | S9: =_xlfn.XLOOKUP(表格1[[#This Row],[Model]],表格3[Model-Input-Ref2],表格3[SRP PRICE]) -> 2680 | T9: =表格1[[#This Row],[Unit Price]]/表格1[[#This Row],[SRP]] -> 0.55970149 | U9: =_xlfn.XLOOKUP(表格1[[#This Row],[Model]],表格3[Model-Input-Ref2],表格3[TOSHIBA/HIGHEST]) -> Toshiba SRP | V9: 110 | W9: =_xlfn.CONCAT(表格1[[#This Row],[欄4]],表格1[[#This Row],[inv no]]) -> 1106053083
A10: 8 | B10: Aeon | C10: Panda | D10: =OFFSET(Roster!$A$3,MATCH(表格1[[#This Row],[Location]]&" "&表格1[[#This Row],[Shop]]&"*",Roster!$A$4:$A$72,0),DAY(表格1[[#This Row],[date]]),1,1) -> Winnie | E10: =MONTH(表格1[[#This Row],[date]]) -> 3 | F10: 46082 | G10: =VLOOKUP("*"&表格1[[#This Row],[Input]]&"*",'Ref-List'!$B:$D,2,) -> RC-15ISTHK(W) | H10: =_xlfn.XLOOKUP(表格1[[#This Row],[Model]],表格3[Model-Input-Ref2],表格3[Product Line]) -> 磁應電飯煲(1.5公升) | I10: =_xlfn.XLOOKUP(表格1[[#This Row],[Model]],表格3[Model-Input-Ref2],表格3[大小電]) -> 細電 | J10: =_xlfn.XLOOKUP(表格1[[#This Row],[Model]],表格3[Model-Input-Ref2],表格3[Code]) -> SDA | K10: 15ist | L10: 1 | M10: 500 | N10: =IFERROR(表格1[[#This Row],[QTY]]*表格1[[#This Row],[Unit Price]],"-") -> 500 | O10: 6053082 | R10: =_xlfn.CONCAT(表格1[[#This Row],[Model]]," ",表格1[[#This Row],[inv no]]) -> RC-15ISTHK(W) 6053082 | S10: =_xlfn.XLOOKUP(表格1[[#This Row],[Model]],表格3[Model-Input-Ref2],表格3[SRP PRICE]) -> 1688 | T10: =表格1[[#This Row],[Unit Price]]/表格1[[#This Row],[SRP]] -> 0.29620853 | U10: =_xlfn.XLOOKUP(表格1[[#This Row],[Model]],表格3[Model-Input-Ref2],表格3[TOSHIBA/HIGHEST]) -> Toshiba SRP | V10: 110 | W10: =_xlfn.CONCAT(表格1[[#This Row],[欄4]],表格1[[#This Row],[inv no]]) -> 1106053082
A11: 9 | B11: Aeon | C11: Panda | D11: =OFFSET(Roster!$A$3,MATCH(表格1[[#This Row],[Location]]&" "&表格1[[#This Row],[Shop]]&"*",Roster!$A$4:$A$72,0),DAY(表格1[[#This Row],[date]]),1,1) -> Winnie | E11: =MONTH(表格1[[#This Row],[date]]) -> 3 | F11: 46082 | G11: =VLOOKUP("*"&表格1[[#This Row],[Input]]&"*",'Ref-List'!$B:$D,2,) -> RC-15ISTHK(W) | H11: =_xlfn.XLOOKUP(表格1[[#This Row],[Model]],表格3[Model-Input-Ref2],表格3[Product Line]) -> 磁應電飯煲(1.5公升) | I11: =_xlfn.XLOOKUP(表格1[[#This Row],[Model]],表格3[Model-Input-Ref2],表格3[大小電]) -> 細電 | J11: =_xlfn.XLOOKUP(表格1[[#This Row],[Model]],表格3[Model-Input-Ref2],表格3[Code]) -> SDA | K11: 15ist | L11: 1 | M11: 500 | N11: =IFERROR(表格1[[#This Row],[QTY]]*表格1[[#This Row],[Unit Price]],"-") -> 500 | O11: 5818000 | R11: =_xlfn.CONCAT(表格1[[#This Row],[Model]]," ",表格1[[#This Row],[inv no]]) -> RC-15ISTHK(W) 5818000 | S11: =_xlfn.XLOOKUP(表格1[[#This Row],[Model]],表格3[Model-Input-Ref2],表格3[SRP PRICE]) -> 1688 | T11: =表格1[[#This Row],[Unit Price]]/表格1[[#This Row],[SRP]] -> 0.29620853 | U11: =_xlfn.XLOOKUP(表格1[[#This Row],[Model]],表格3[Model-Input-Ref2],表格3[TOSHIBA/HIGHEST]) -> Toshiba SRP | V11: 110 | W11: =_xlfn.CONCAT(表格1[[#This Row],[欄4]],表格1[[#This Row],[inv no]]) -> 1105818000
A12: 10 | B12: Aeon | C12: Panda | D12: =OFFSET(Roster!$A$3,MATCH(表格1[[#This Row],[Location]]&" "&表格1[[#This Row],[Shop]]&"*",Roster!$A$4:$A$72,0),DAY(表格1[[#This Row],[date]]),1,1) -> Winnie | E12: =MONTH(表格1[[#This Row],[date]]) -> 3 | F12: 46082 | G12: =VLOOKUP("*"&表格1[[#This Row],[Input]]&"*",'Ref-List'!$B:$D,2,) -> RC-15ISTHK(W) | H12: =_xlfn.XLOOKUP(表格1[[#This Row],[Model]],表格3[Model-Input-Ref2],表格3[Product Line]) -> 磁應電飯煲(1.5公升) | I12: =_xlfn.XLOOKUP(表格1[[#This Row],[Model]],表格3[Model-Input-Ref2],表格3[大小電]) -> 細電 | J12: =_xlfn.XLOOKUP(表格1[[#This Row],[Model]],表格3[Model-Input-Ref2],表格3[Code]) -> SDA | K12: 15ist | L12: 1 | M12: 500 | N12: =IFERROR(表格1[[#This Row],[QTY]]*表格1[[#This Row],[Unit Price]],"-") -> 500 | O12: 6053087 | R12: =_xlfn.CONCAT(表格1[[#This Row],[Model]]," ",表格1[[#This Row],[inv no]]) -> RC-15ISTHK(W) 6053087 | S12: =_xlfn.XLOOKUP(表格1[[#This Row],[Model]],表格3[Model-Input-Ref2],表格3[SRP PRICE]) -> 1688 | T12: =表格1[[#This Row],[Unit Price]]/表格1[[#This Row],[SRP]] -> 0.29620853 | U12: =_xlfn.XLOOKUP(表格1[[#This Row],[Model]],表格3[Model-Input-Ref2],表格3[TOSHIBA/HIGHEST]) -> Toshiba SRP | V12: 110 | W12: =_xlfn.CONCAT(表格1[[#This Row],[欄4]],表格1[[#This Row],[inv no]]) -> 1106053087
A13: 11 | B13: Aeon | C13: Panda | D13: =OFFSET(Roster!$A$3,MATCH(表格1[[#This Row],[Location]]&" "&表格1[[#This Row],[Shop]]&"*",Roster!$A$4:$A$72,0),DAY(表格1[[#This Row],[date]]),1,1) -> Winnie | E13: =MONTH(表格1[[#This Row],[date]]) -> 3 | F13: 46088 | G13: =VLOOKUP("*"&表格1[[#This Row],[Input]]&"*",'Ref-List'!$B:$D,2,) -> TW-BL85A2H(WW) | H13: =_xlfn.XLOOKUP(表格1[[#This Row],[Model]],表格3[Model-Input-Ref2],表格3[Product Line]) -> 7.5KG超薄身前置式變頻洗衣機 | I13: =_xlfn.XLOOKUP(表格1[[#This Row],[Model]],表格3[Model-Input-Ref2],表格3[大小電]) -> 大電 | J13: =_xlfn.XLOOKUP(表格1[[#This Row],[Model]],表格3[Model-Input-Ref2],表格3[Code]) -> WM | K13: bl85a2 | L13: 1 | M13: 2588 | N13: =IFERROR(表格1[[#This Row],[QTY]]*表格1[[#This Row],[Unit Price]],"-") -> 2588 | O13: 6053308 | R13: =_xlfn.CONCAT(表格1[[#This Row],[Model]]," ",表格1[[#This Row],[inv no]]) -> TW-BL85A2H(WW) 6053308 | S13: =_xlfn.XLOOKUP(表格1[[#This Row],[Model]],表格3[Model-Input-Ref2],表格3[SRP PRICE]) -> 5080 | T13: =表格1[[#This Row],[Unit Price]]/表格1[[#This Row],[SRP]] -> 0.50944882 | U13: =_xlfn.XLOOKUP(表格1[[#This Row],[Model]],表格3[Model-Input-Ref2],表格3[TOSHIBA/HIGHEST]) -> Toshiba SRP | V13: 110 | W13: =_xlfn.CONCAT(表格1[[#This Row],[欄4]],表格1[[#This Row],[inv no]]) -> 1106053308
A14: 12 | B14: Aeon | C14: Panda | D14: =OFFSET(Roster!$A$3,MATCH(表格1[[#This Row],[Location]]&" "&表格1[[#This Row],[Shop]]&"*",Roster!$A$4:$A$72,0),DAY(表格1[[#This Row],[date]]),1,1) -> Winnie | E14: =MONTH(表格1[[#This Row],[date]]) -> 3 | F14: 46088 | G14: =VLOOKUP("*"&表格1[[#This Row],[Input]]&"*",'Ref-List'!$B:$D,2,) -> TWP-TSR76THK(W) | H14: =_xlfn.XLOOKUP(表格1[[#This Row],[Model]],表格3[Model-Input-Ref2],表格3[Product Line]) -> RO座檯式飲水機 | I14: =_xlfn.XLOOKUP(表格1[[#This Row],[Model]],表格3[Model-Input-Ref2],表格3[大小電]) -> 細電 | J14: =_xlfn.XLOOKUP(表格1[[#This Row],[Model]],表格3[Model-Input-Ref2],表格3[Code]) -> KWH | K14: tsr76 | L14: 1 | M14: 1500 | N14: =IFERROR(表格1[[#This Row],[QTY]]*表格1[[#This Row],[Unit Price]],"-") -> 1500 | O14: 6053308 | R14: =_xlfn.CONCAT(表格1[[#This Row],[Model]]," ",表格1[[#This Row],[inv no]]) -> TWP-TSR76THK(W) 6053308 | S14: =_xlfn.XLOOKUP(表格1[[#This Row],[Model]],表格3[Model-Input-Ref2],表格3[SRP PRICE]) -> 2680 | T14: =表格1[[#This Row],[Unit Price]]/表格1[[#This Row],[SRP]] -> 0.55970149 | U14: =_xlfn.XLOOKUP(表格1[[#This Row],[Model]],表格3[Model-Input-Ref2],表格3[TOSHIBA/HIGHEST]) -> Toshiba SRP | V14: 110 | W14: =_xlfn.CONCAT(表格1[[#This Row],[欄4]],表格1[[#This Row],[inv no]]) -> 1106053308
A15: 13 | B15: Aeon | C15: Panda | D15: =OFFSET(Roster!$A$3,MATCH(表格1[[#This Row],[Location]]&" "&表格1[[#This Row],[Shop]]&"*",Roster!$A$4:$A$72,0),DAY(表格1[[#This Row],[date]]),1,1) -> Winnie | E15: =MONTH(表格1[[#This Row],[date]]) -> 3 | F15: 46088 | G15: =VLOOKUP("*"&表格1[[#This Row],[Input]]&"*",'Ref-List'!$B:$D,2,) -> RC-15ISTHK(W) | H15: =_xlfn.XLOOKUP(表格1[[#This Row],[Model]],表格3[Model-Input-Ref2],表格3[Product Line]) -> 磁應電飯煲(1.5公升) | I15: =_xlfn.XLOOKUP(表格1[[#This Row],[Model]],表格3[Model-Input-Ref2],表格3[大小電]) -> 細電 | J15: =_xlfn.XLOOKUP(表格1[[#This Row],[Model]],表格3[Model-Input-Ref2],表格3[Code]) -> SDA | K15: 15ist | L15: 1 | M15: 500 | N15: =IFERROR(表格1[[#This Row],[QTY]]*表格1[[#This Row],[Unit Price]],"-") -> 500 | O15: 6053092 | R15: =_xlfn.CONCAT(表格1[[#This Row],[Model]]," ",表格1[[#This Row],[inv no]]) -> RC-15ISTHK(W) 6053092 | S15: =_xlfn.XLOOKUP(表格1[[#This Row],[Model]],表格3[Model-Input-Ref2],表格3[SRP PRICE]) -> 1688 | T15: =表格1[[#This Row],[Unit Price]]/表格1[[#This Row],[SRP]] -> 0.29620853 | U15: =_xlfn.XLOOKUP(表格1[[#This Row],[Model]],表格3[Model-Input-Ref2],表格3[TOSHIBA/HIGHEST]) -> Toshiba SRP | V15: 110 | W15: =_xlfn.CONCAT(表格1[[#This Row],[欄4]],表格1[[#This Row],[inv no]]) -> 1106053092
A16: 14 | B16: Aeon | C16: Panda | D16: =OFFSET(Roster!$A$3,MATCH(表格1[[#This Row],[Location]]&" "&表格1[[#This Row],[Shop]]&"*",Roster!$A$4:$A$72,0),DAY(表格1[[#This Row],[date]]),1,1) -> Winnie | E16: =MONTH(表格1[[#This Row],[date]]) -> 3 | F16: 46088 | G16: =VLOOKUP("*"&表格1[[#This Row],[Input]]&"*",'Ref-List'!$B:$D,2,) -> RC-15ISTHK(W) | H16: =_xlfn.XLOOKUP(表格1[[#This Row],[Model]],表格3[Model-Input-Ref2],表格3[Product Line]) -> 磁應電飯煲(1.5公升) | I16: =_xlfn.XLOOKUP(表格1[[#This Row],[Model]],表格3[Model-Input-Ref2],表格3[大小電]) -> 細電 | J16: =_xlfn.XLOOKUP(表格1[[#This Row],[Model]],表格3[Model-Input-Ref2],表格3[Code]) -> SDA | K16: 15ist | L16: 1 | M16: 500 | N16: =IFERROR(表格1[[#This Row],[QTY]]*表格1[[#This Row],[Unit Price]],"-") -> 500 | O16: 6053340 | R16: =_xlfn.CONCAT(表格1[[#This Row],[Model]]," ",表格1[[#This Row],[inv no]]) -> RC-15ISTHK(W) 6053340 | S16: =_xlfn.XLOOKUP(表格1[[#This Row],[Model]],表格3[Model-Input-Ref2],表格3[SRP PRICE]) -> 1688 | T16: =表格1[[#This Row],[Unit Price]]/表格1[[#This Row],[SRP]] -> 0.29620853 | U16: =_xlfn.XLOOKUP(表格1[[#This Row],[Model]],表格3[Model-Input-Ref2],表格3[TOSHIBA/HIGHEST]) -> Toshiba SRP | V16: 110 | W16: =_xlfn.CONCAT(表格1[[#This Row],[欄4]],表格1[[#This Row],[inv no]]) -> 1106053340
... A97: 95 | B97: Aeon | C97: LCk | D97: =OFFSET(Roster!$A$3,MATCH(表格1[[#This Row],[Location]]&" "&表格1[[#This Row],[Shop]]&"*",Roster!$A$4:$A$72,0),DAY(表格1[[#This Row],[date]]),1,1) -> Wendy Lau | E97: =MONTH(表格1[[#This Row],[date]]) -> 3 | F97: 46095 | G97: =VLOOKUP("*"&表格1[[#This Row],[Input]]&"*",'Ref-List'!$B:$D,2,) -> RC-15ISTHK(W) | H97: =_xlfn.XLOOKUP(表格1[[#This Row],[Model]],表格3[Model-Input-Ref2],表格3[Product Line]) -> 磁應電飯煲(1.5公升) | I97: =_xlfn.XLOOKUP(表格1[[#This Row],[Model]],表格3[Model-Input-Ref2],表格3[大小電]) -> 細電 | J97: =_xlfn.XLOOKUP(表格1[[#This Row],[Model]],表格3[Model-Input-Ref2],表格3[Code]) -> SDA | K97: 15ist | L97: 1 | M97: 500 | N97: =IFERROR(表格1[[#This Row],[QTY]]*表格1[[#This Row],[Unit Price]],"-") -> 500 | O97: 6027917 | R97: =_xlfn.CONCAT(表格1[[#This Row],[Model]]," ",表格1[[#This Row],[inv no]]) -> RC-15ISTHK(W) 6027917 | S97: =_xlfn.XLOOKUP(表格1[[#This Row],[Model]],表格3[Model-Input-Ref2],表格3[SRP PRICE]) -> 1688 | T97: =表格1[[#This Row],[Unit Price]]/表格1[[#This Row],[SRP]] -> 0.29620853 | U97: =_xlfn.XLOOKUP(表格1[[#This Row],[Model]],表格3[Model-Input-Ref2],表格3[TOSHIBA/HIGHEST]) -> Toshiba SRP | V97: 110 | W97: =_xlfn.CONCAT(表格1[[#This Row],[欄4]],表格1[[#This Row],[inv no]]) -> 1106027917
A98: 96 | B98: Aeon | C98: LCk | D98: =OFFSET(Roster!$A$3,MATCH(表格1[[#This Row],[Location]]&" "&表格1[[#This Row],[Shop]]&"*",Roster!$A$4:$A$72,0),DAY(表格1[[#This Row],[date]]),1,1) -> Wendy Lau | E98: =MONTH(表格1[[#This Row],[date]]) -> 3 | F98: 46095 | G98: =VLOOKUP("*"&表格1[[#This Row],[Input]]&"*",'Ref-List'!$B:$D,2,) -> RC-15ISTHK(W) | H98: =_xlfn.XLOOKUP(表格1[[#This Row],[Model]],表格3[Model-Input-Ref2],表格3[Product Line]) -> 磁應電飯煲(1.5公升) | I98: =_xlfn.XLOOKUP(表格1[[#This Row],[Model]],表格3[Model-Input-Ref2],表格3[大小電]) -> 細電 | J98: =_xlfn.XLOOKUP(表格1[[#This Row],[Model]],表格3[Model-Input-Ref2],表格3[Code]) -> SDA | K98: 15ist | L98: 1 | M98: 500 | N98: =IFERROR(表格1[[#This Row],[QTY]]*表格1[[#This Row],[Unit Price]],"-") -> 500 | O98: 6027908 | P98: 6027903>6027908 | R98: =_xlfn.CONCAT(表格1[[#This Row],[Model]]," ",表格1[[#This Row],[inv no]]) -> RC-15ISTHK(W) 6027908 | S98: =_xlfn.XLOOKUP(表格1[[#This Row],[Model]],表格3[Model-Input-Ref2],表格3[SRP PRICE]) -> 1688 | T98: =表格1[[#This Row],[Unit Price]]/表格1[[#This Row],[SRP]] -> 0.29620853 | U98: =_xlfn.XLOOKUP(表格1[[#This Row],[Model]],表格3[Model-Input-Ref2],表格3[TOSHIBA/HIGHEST]) -> Toshiba SRP | V98: 110 | W98: =_xlfn.CONCAT(表格1[[#This Row],[欄4]],表格1[[#This Row],[inv no]]) -> 1106027908
A99: 97 | B99: Aeon | C99: LCk | D99: =OFFSET(Roster!$A$3,MATCH(表格1[[#This Row],[Location]]&" "&表格1[[#This Row],[Shop]]&"*",Roster!$A$4:$A$72,0),DAY(表格1[[#This Row],[date]]),1,1) -> Wendy Lau | E99: =MONTH(表格1[[#This Row],[date]]) -> 3 | F99: 46095 | G99: =VLOOKUP("*"&表格1[[#This Row],[Input]]&"*",'Ref-List'!$B:$D,2,) -> AW-M901BPH(WW) | H99: =_xlfn.XLOOKUP(表格1[[#This Row],[Model]],表格3[Model-Input-Ref2],表格3[Product Line]) -> 全自動洗衣機 (8公斤 結合高低水位) | I99: =_xlfn.XLOOKUP(表格1[[#This Row],[Model]],表格3[Model-Input-Ref2],表格3[大小電]) -> 大電 | J99: =_xlfn.XLOOKUP(表格1[[#This Row],[Model]],表格3[Model-Input-Ref2],表格3[Code]) -> WM | K99: m901 | L99: 1 | M99: 1500 | N99: =IFERROR(表格1[[#This Row],[QTY]]*表格1[[#This Row],[Unit Price]],"-") -> 1500 | O99: 6027412 | R99: =_xlfn.CONCAT(表格1[[#This Row],[Model]]," ",表格1[[#This Row],[inv no]]) -> AW-M901BPH(WW) 6027412 | S99: =_xlfn.XLOOKUP(表格1[[#This Row],[Model]],表格3[Model-Input-Ref2],表格3[SRP PRICE]) -> 3580 | T99: =表格1[[#This Row],[Unit Price]]/表格1[[#This Row],[SRP]] -> 0.41899441 | U99: =_xlfn.XLOOKUP(表格1[[#This Row],[Model]],表格3[Model-Input-Ref2],表格3[TOSHIBA/HIGHEST]) -> Toshiba SRP | V99: 110 | W99: =_xlfn.CONCAT(表格1[[#This Row],[欄4]],表格1[[#This Row],[inv no]]) -> 1106027412
A100: 98 | B100: Aeon | C100: LCk | D100: =OFFSET(Roster!$A$3,MATCH(表格1[[#This Row],[Location]]&" "&表格1[[#This Row],[Shop]]&"*",Roster!$A$4:$A$72,0),DAY(表格1[[#This Row],[date]]),1,1) -> Wendy Lau | E100: =MONTH(表格1[[#This Row],[date]]) -> 3 | F100: 46095 | G100: =VLOOKUP("*"&表格1[[#This Row],[Input]]&"*",'Ref-List'!$B:$D,2,) -> AW-M901BPH(WW) | H100: =_xlfn.XLOOKUP(表格1[[#This Row],[Model]],表格3[Model-Input-Ref2],表格3[Product Line]) -> 全自動洗衣機 (8公斤 結合高低水位) | I100: =_xlfn.XLOOKUP(表格1[[#This Row],[Model]],表格3[Model-Input-Ref2],表格3[大小電]) -> 大電 | J100: =_xlfn.XLOOKUP(表格1[[#This Row],[Model]],表格3[Model-Input-Ref2],表格3[Code]) -> WM | K100: m901 | L100: 1 | M100: 1500 | N100: =IFERROR(表格1[[#This Row],[QTY]]*表格1[[#This Row],[Unit Price]],"-") -> 1500 | O100: 6027928 | R100: =_xlfn.CONCAT(表格1[[#This Row],[Model]]," ",表格1[[#This Row],[inv no]]) -> AW-M901BPH(WW) 6027928 | S100: =_xlfn.XLOOKUP(表格1[[#This Row],[Model]],表格3[Model-Input-Ref2],表格3[SRP PRICE]) -> 3580 | T100: =表格1[[#This Row],[Unit Price]]/表格1[[#This Row],[SRP]] -> 0.41899441 | U100: =_xlfn.XLOOKUP(表格1[[#This Row],[Model]],表格3[Model-Input-Ref2],表格3[TOSHIBA/HIGHEST]) -> Toshiba SRP | V100: 110 | W100: =_xlfn.CONCAT(表格1[[#This Row],[欄4]],表格1[[#This Row],[inv no]]) -> 1106027928
A101: 99 | B101: Aeon | C101: LCk | D101: =OFFSET(Roster!$A$3,MATCH(表格1[[#This Row],[Location]]&" "&表格1[[#This Row],[Shop]]&"*",Roster!$A$4:$A$72,0),DAY(表格1[[#This Row],[date]]),1,1) -> Wendy Lau | E101: =MONTH(表格1[[#This Row],[date]]) -> 3 | F101: 46095 | G101: =VLOOKUP("*"&表格1[[#This Row],[Input]]&"*",'Ref-List'!$B:$D,2,) -> ER-TD5000HK(XK) | H101: =_xlfn.XLOOKUP(表格1[[#This Row],[Model]],表格3[Model-Input-Ref2],表格3[Product Line]) -> 座檯式純蒸氣烤焗水波爐30L | I101: =_xlfn.XLOOKUP(表格1[[#This Row],[Model]],表格3[Model-Input-Ref2],表格3[大小電]) -> 細電 | J101: =_xlfn.XLOOKUP(表格1[[#This Row],[Model]],表格3[Model-Input-Ref2],表格3[Code]) -> SDA | K101: td5000 | L101: 1 | M101: 3588 | N101: =IFERROR(表格1[[#This Row],[QTY]]*表格1[[#This Row],[Unit Price]],"-") -> 3588 | O101: 6027921 | R101: =_xlfn.CONCAT(表格1[[#This Row],[Model]]," ",表格1[[#This Row],[inv no]]) -> ER-TD5000HK(XK) 6027921 | S101: =_xlfn.XLOOKUP(表格1[[#This Row],[Model]],表格3[Model-Input-Ref2],表格3[SRP PRICE]) -> 7998 | T101: =表格1[[#This Row],[Unit Price]]/表格1[[#This Row],[SRP]] -> 0.44861215 | U101: =_xlfn.XLOOKUP(表格1[[#This Row],[Model]],表格3[Model-Input-Ref2],表格3[TOSHIBA/HIGHEST]) -> Toshiba SRP | V101: 110 | W101: =_xlfn.CONCAT(表格1[[#This Row],[欄4]],表格1[[#This Row],[inv no]]) -> 1106027921
A102: 100 | B102: Aeon | C102: LCk | D102: =OFFSET(Roster!$A$3,MATCH(表格1[[#This Row],[Location]]&" "&表格1[[#This Row],[Shop]]&"*",Roster!$A$4:$A$72,0),DAY(表格1[[#This Row],[date]]),1,1) -> Wendy Lau | E102: =MONTH(表格1[[#This Row],[date]]) -> 3 | F102: 46095 | G102: =VLOOKUP("*"&表格1[[#This Row],[Input]]&"*",'Ref-List'!$B:$D,2,) -> TWP-TSR76THK(W) | H102: =_xlfn.XLOOKUP(表格1[[#This Row],[Model]],表格3[Model-Input-Ref2],表格3[Product Line]) -> RO座檯式飲水機 | I102: =_xlfn.XLOOKUP(表格1[[#This Row],[Model]],表格3[Model-Input-Ref2],表格3[大小電]) -> 細電 | J102: =_xlfn.XLOOKUP(表格1[[#This Row],[Model]],表格3[Model-Input-Ref2],表格3[Code]) -> KWH | K102: tsr76 | L102: 1 | M102: 1500 | N102: =IFERROR(表格1[[#This Row],[QTY]]*表格1[[#This Row],[Unit Price]],"-") -> 1500 | O102: 6027918 | R102: =_xlfn.CONCAT(表格1[[#This Row],[Model]]," ",表格1[[#This Row],[inv no]]) -> TWP-TSR76THK(W) 6027918 | S102: =_xlfn.XLOOKUP(表格1[[#This Row],[Model]],表格3[Model-Input-Ref2],表格3[SRP PRICE]) -> 2680 | T102: =表格1[[#This Row],[Unit Price]]/表格1[[#This Row],[SRP]] -> 0.55970149 | U102: =_xlfn.XLOOKUP(表格1[[#This Row],[Model]],表格3[Model-Input-Ref2],表格3[TOSHIBA/HIGHEST]) -> Toshiba SRP | V102: 110 | W102: =_xlfn.CONCAT(表格1[[#This Row],[欄4]],表格1[[#This Row],[inv no]]) -> 1106027918
A103: 101 | B103: Aeon | C103: LCk | D103: =OFFSET(Roster!$A$3,MATCH(表格1[[#This Row],[Location]]&" "&表格1[[#This Row],[Shop]]&"*",Roster!$A$4:$A$72,0),DAY(表格1[[#This Row],[date]]),1,1) -> Wendy Lau | E103: =MONTH(表格1[[#This Row],[date]]) -> 3 | F103: 46095 | G103: =VLOOKUP("*"&表格1[[#This Row],[Input]]&"*",'Ref-List'!$B:$D,2,) -> MW2-MM24PC(BK) | H103: =_xlfn.XLOOKUP(表格1[[#This Row],[Model]],表格3[Model-Input-Ref2],表格3[Product Line]) -> 旋鈕式微波爐24L | I103: =_xlfn.XLOOKUP(表格1[[#This Row],[Model]],表格3[Model-Input-Ref2],表格3[大小電]) -> 細電 | J103: =_xlfn.XLOOKUP(表格1[[#This Row],[Model]],表格3[Model-Input-Ref2],表格3[Code]) -> SDA | K103: mm24 | L103: 1 | M103: 500 | N103: =IFERROR(表格1[[#This Row],[QTY]]*表格1[[#This Row],[Unit Price]],"-") -> 500 | O103: 6027906 | R103: =_xlfn.CONCAT(表格1[[#This Row],[Model]]," ",表格1[[#This Row],[inv no]]) -> MW2-MM24PC(BK) 6027906 | S103: =_xlfn.XLOOKUP(表格1[[#This Row],[Model]],表格3[Model-Input-Ref2],表格3[SRP PRICE]) -> 848 | T103: =表格1[[#This Row],[Unit Price]]/表格1[[#This Row],[SRP]] -> 0.58962264 | U103: =_xlfn.XLOOKUP(表格1[[#This Row],[Model]],表格3[Model-Input-Ref2],表格3[TOSHIBA/HIGHEST]) -> Toshiba SRP | V103: 110 | W103: =_xlfn.CONCAT(表格1[[#This Row],[欄4]],表格1[[#This Row],[inv no]]) -> 1106027906
A104: 102 | B104: Aeon | C104: LCk | D104: =OFFSET(Roster!$A$3,MATCH(表格1[[#This Row],[Location]]&" "&表格1[[#This Row],[Shop]]&"*",Roster!$A$4:$A$72,0),DAY(表格1[[#This Row],[date]]),1,1) -> Wendy Lau | E104: =MONTH(表格1[[#This Row],[date]]) -> 3 | F104: 46095 | G104: =VLOOKUP("*"&表格1[[#This Row],[Input]]&"*",'Ref-List'!$B:$D,2,) -> MW2-MM24PC(BK) | H104: =_xlfn.XLOOKUP(表格1[[#This Row],[Model]],表格3[Model-Input-Ref2],表格3[Product Line]) -> 旋鈕式微波爐24L | I104: =_xlfn.XLOOKUP(表格1[[#This Row],[Model]],表格3[Model-Input-Ref2],表格3[大小電]) -> 細電 | J104: =_xlfn.XLOOKUP(表格1[[#This Row],[Model]],表格3[Model-Input-Ref2],表格3[Code]) -> SDA | K104: mm24 | L104: 1 | M104: 500 | N104: =IFERROR(表格1[[#This Row],[QTY]]*表格1[[#This Row],[Unit Price]],"-") -> 500 | O104: 6027930 | R104: =_xlfn.CONCAT(表格1[[#This Row],[Model]]," ",表格1[[#This Row],[inv no]]) -> MW2-MM24PC(BK) 6027930 | S104: =_xlfn.XLOOKUP(表格1[[#This Row],[Model]],表格3[Model-Input-Ref2],表格3[SRP PRICE]) -> 848 | T104: =表格1[[#This Row],[Unit Price]]/表格1[[#This Row],[SRP]] -> 0.58962264 | U104: =_xlfn.XLOOKUP(表格1[[#This Row],[Model]],表格3[Model-Input-Ref2],表格3[TOSHIBA/HIGHEST]) -> Toshiba SRP | V104: 110 | W104: =_xlfn.CONCAT(表格1[[#This Row],[欄4]],表格1[[#This Row],[inv no]]) -> 1106027930
A105: 103 | B105: Aeon | C105: LCk | D105: =OFFSET(Roster!$A$3,MATCH(表格1[[#This Row],[Location]]&" "&表格1[[#This Row],[Shop]]&"*",Roster!$A$4:$A$72,0),DAY(表格1[[#This Row],[date]]),1,1) -> Wendy Lau | E105: =MONTH(表格1[[#This Row],[date]]) -> 3 | F105: 46095 | G105: =VLOOKUP("*"&表格1[[#This Row],[Input]]&"*",'Ref-List'!$B:$D,2,) -> IC-20R1THK | H105: =_xlfn.XLOOKUP(表格1[[#This Row],[Model]],表格3[Model-Input-Ref2],表格3[Product Line]) -> 輕便式電磁爐 | I105: =_xlfn.XLOOKUP(表格1[[#This Row],[Model]],表格3[Model-Input-Ref2],表格3[大小電]) -> 細電 | J105: =_xlfn.XLOOKUP(表格1[[#This Row],[Model]],表格3[Model-Input-Ref2],表格3[Code]) -> SDA | K105: 20r1 | L105: 1 | M105: 290 | N105: =IFERROR(表格1[[#This Row],[QTY]]*表格1[[#This Row],[Unit Price]],"-") -> 290 | O105: 3118098 | R105: =_xlfn.CONCAT(表格1[[#This Row],[Model]]," ",表格1[[#This Row],[inv no]]) -> IC-20R1THK 3118098 | S105: =_xlfn.XLOOKUP(表格1[[#This Row],[Model]],表格3[Model-Input-Ref2],表格3[SRP PRICE]) -> 438 | T105: =表格1[[#This Row],[Unit Price]]/表格1[[#This Row],[SRP]] -> 0.66210046 | U105: =_xlfn.XLOOKUP(表格1[[#This Row],[Model]],表格3[Model-Input-Ref2],表格3[TOSHIBA/HIGHEST]) -> Shops Highest Price | V105: 110 | W105: =_xlfn.CONCAT(表格1[[#This Row],[欄4]],表格1[[#This Row],[inv no]]) -> 1103118098
A106: 104 | B106: Aeon | C106: LCk | D106: =OFFSET(Roster!$A$3,MATCH(表格1[[#This Row],[Location]]&" "&表格1[[#This Row],[Shop]]&"*",Roster!$A$4:$A$72,0),DAY(表格1[[#This Row],[date]]),1,1) -> Wendy Lau | E106: =MONTH(表格1[[#This Row],[date]]) -> 3 | F106: 46096 | G106: =VLOOKUP("*"&表格1[[#This Row],[Input]]&"*",'Ref-List'!$B:$D,2,) -> AW-M901BPH(WW) | H106: =_xlfn.XLOOKUP(表格1[[#This Row],[Model]],表格3[Model-Input-Ref2],表格3[Product Line]) -> 全自動洗衣機 (8公斤 結合高低水位) | I106: =_xlfn.XLOOKUP(表格1[[#This Row],[Model]],表格3[Model-Input-Ref2],表格3[大小電]) -> 大電 | J106: =_xlfn.XLOOKUP(表格1[[#This Row],[Model]],表格3[Model-Input-Ref2],表格3[Code]) -> WM | K106: m901 | L106: 1 | M106: 1500 | N106: =IFERROR(表格1[[#This Row],[QTY]]*表格1[[#This Row],[Unit Price]],"-") -> 1500 | O106: 6027444 | R106: =_xlfn.CONCAT(表格1[[#This Row],[Model]]," ",表格1[[#This Row],[inv no]]) -> AW-M901BPH(WW) 6027444 | S106: =_xlfn.XLOOKUP(表格1[[#This Row],[Model]],表格3[Model-Input-Ref2],表格3[SRP PRICE]) -> 3580 | T106: =表格1[[#This Row],[Unit Price]]/表格1[[#This Row],[SRP]] -> 0.41899441 | U106: =_xlfn.XLOOKUP(表格1[[#This Row],[Model]],表格3[Model-Input-Ref2],表格3[TOSHIBA/HIGHEST]) -> Toshiba SRP | V106: 110 | W106: =_xlfn.CONCAT(表格1[[#This Row],[欄4]],表格1[[#This Row],[inv no]]) -> 1106027444
A107: 105 | B107: Aeon | C107: LCk | D107: =OFFSET(Roster!$A$3,MATCH(表格1[[#This Row],[Location]]&" "&表格1[[#This Row],[Shop]]&"*",Roster!$A$4:$A$72,0),DAY(表格1[[#This Row],[date]]),1,1) -> Wendy Lau | E107: =MONTH(表格1[[#This Row],[date]]) -> 3 | F107: 46096 | G107: =VLOOKUP("*"&表格1[[#This Row],[Input]]&"*",'Ref-List'!$B:$D,2,) -> AW-M901BPH(WW) | H107: =_xlfn.XLOOKUP(表格1[[#This Row],[Model]],表格3[Model-Input-Ref2],表格3[Product Line]) -> 全自動洗衣機 (8公斤 結合高低水位) | I107: =_xlfn.XLOOKUP(表格1[[#This Row],[Model]],表格3[Model-Input-Ref2],表格3[大小電]) -> 大電 | J107: =_xlfn.XLOOKUP(表格1[[#This Row],[Model]],表格3[Model-Input-Ref2],表格3[Code]) -> WM | K107: m901 | L107: 1 | M107: 1500 | N107: =IFERROR(表格1[[#This Row],[QTY]]*表格1[[#This Row],[Unit Price]],"-") -> 1500 | O107: 6027981 | R107: =_xlfn.CONCAT(表格1[[#This Row],[Model]]," ",表格1[[#This Row],[inv no]]) -> AW-M901BPH(WW) 6027981 | S107: =_xlfn.XLOOKUP(表格1[[#This Row],[Model]],表格3[Model-Input-Ref2],表格3[SRP PRICE]) -> 3580 | T107: =表格1[[#This Row],[Unit Price]]/表格1[[#This Row],[SRP]] -> 0.41899441 | U107: =_xlfn.XLOOKUP(表格1[[#This Row],[Model]],表格3[Model-Input-Ref2],表格3[TOSHIBA/HIGHEST]) -> Toshiba SRP | V107: 110 | W107: =_xlfn.CONCAT(表格1[[#This Row],[欄4]],表格1[[#This Row],[inv no]]) -> 1106027981
A108: 106 | B108: Aeon | C108: LCk | D108: =OFFSET(Roster!$A$3,MATCH(表格1[[#This Row],[Location]]&" "&表格1[[#This Row],[Shop]]&"*",Roster!$A$4:$A$72,0),DAY(表格1[[#This Row],[date]]),1,1) -> Wendy Lau | E108: =MONTH(表格1[[#This Row],[date]]) -> 3 | F108: 46096 | G108: =VLOOKUP("*"&表格1[[#This Row],[Input]]&"*",'Ref-List'!$B:$D,2,) -> AW-M901BPH(WW) | H108: =_xlfn.XLOOKUP(表格1[[#This Row],[Model]],表格3[Model-Input-Ref2],表格3[Product Line]) -> 全自動洗衣機 (8公斤 結合高低水位) | I108: =_xlfn.XLOOKUP(表格1[[#This Row],[Model]],表格3[Model-Input-Ref2],表格3[大小電]) -> 大電 | J108: =_xlfn.XLOOKUP(表格1[[#This Row],[Model]],表格3[Model-Input-Ref2],表格3[Code]) -> WM | K108: m901 | L108: 1 | M108: 1500 | N108: =IFERROR(表格1[[#This Row],[QTY]]*表格1[[#This Row],[Unit Price]],"-") -> 1500 | O108: 6027101 | R108: =_xlfn.CONCAT(表格1[[#This Row],[Model]]," ",表格1[[#This Row],[inv no]]) -> AW-M901BPH(WW) 6027101 | S108: =_xlfn.XLOOKUP(表格1[[#This Row],[Model]],表格3[Model-Input-Ref2],表格3[SRP PRICE]) -> 3580 | T108: =表格1[[#This Row],[Unit Price]]/表格1[[#This Row],[SRP]] -> 0.41899441 | U108: =_xlfn.XLOOKUP(表格1[[#This Row],[Model]],表格3[Model-Input-Ref2],表格3[TOSHIBA/HIGHEST]) -> Toshiba SRP | V108: 110 | W108: =_xlfn.CONCAT(表格1[[#This Row],[欄4]],表格1[[#This Row],[inv no]]) -> 1106027101
A109: 107 | B109: Aeon | C109: LCk | D109: =OFFSET(Roster!$A$3,MATCH(表格1[[#This Row],[Location]]&" "&表格1[[#This Row],[Shop]]&"*",Roster!$A$4:$A$72,0),DAY(表格1[[#This Row],[date]]),1,1) -> Wendy Lau | E109: =MONTH(表格1[[#This Row],[date]]) -> 3 | F109: 46096 | G109: =VLOOKUP("*"&表格1[[#This Row],[Input]]&"*",'Ref-List'!$B:$D,2,) -> TWD-BN90GF4H(WK) | H109: =_xlfn.XLOOKUP(表格1[[#This Row],[Model]],表格3[Model-Input-Ref2],表格3[Product Line]) -> 超薄身前置式洗衣乾衣機 (洗8公斤 乾5公斤) | I109: =_xlfn.XLOOKUP(表格1[[#This Row],[Model]],表格3[Model-Input-Ref2],表格3[大小電]) -> 大電 | J109: =_xlfn.XLOOKUP(表格1[[#This Row],[Model]],表格3[Model-Input-Ref2],表格3[Code]) -> WM | K109: bn90 | L109: 1 | M109: 3588 | N109: =IFERROR(表格1[[#This Row],[QTY]]*表格1[[#This Row],[Unit Price]],"-") -> 3588 | O109: 6027990 | R109: =_xlfn.CONCAT(表格1[[#This Row],[Model]]," ",表格1[[#This Row],[inv no]]) -> TWD-BN90GF4H(WK) 6027990 | S109: =_xlfn.XLOOKUP(表格1[[#This Row],[Model]],表格3[Model-Input-Ref2],表格3[SRP PRICE]) -> 5980 | T109: =表格1[[#This Row],[Unit Price]]/表格1[[#This Row],[SRP]] -> 0.6 | U109: =_xlfn.XLOOKUP(表格1[[#This Row],[Model]],表格3[Model-Input-Ref2],表格3[TOSHIBA/HIGHEST]) -> Toshiba SRP | V109: 110 | W109: =_xlfn.CONCAT(表格1[[#This Row],[欄4]],表格1[[#This Row],[inv no]]) -> 1106027990
A110: 108 | B110: Aeon | C110: LCk | D110: =OFFSET(Roster!$A$3,MATCH(表格1[[#This Row],[Location]]&" "&表格1[[#This Row],[Shop]]&"*",Roster!$A$4:$A$72,0),DAY(表格1[[#This Row],[date]]),1,1) -> Wendy Lau | E110: =MONTH(表格1[[#This Row],[date]]) -> 3 | F110: 46096 | G110: =VLOOKUP("*"&表格1[[#This Row],[Input]]&"*",'Ref-List'!$B:$D,2,) -> TWD-BN90GF4H(WK) | H110: =_xlfn.XLOOKUP(表格1[[#This Row],[Model]],表格3[Model-Input-Ref2],表格3[Product Line]) -> 超薄身前置式洗衣乾衣機 (洗8公斤 乾5公斤) | I110: =_xlfn.XLOOKUP(表格1[[#This Row],[Model]],表格3[Model-Input-Ref2],表格3[大小電]) -> 大電 | J110: =_xlfn.XLOOKUP(表格1[[#This Row],[Model]],表格3[Model-Input-Ref2],表格3[Code]) -> WM | K110: bn90 | L110: 1 | M110: 3588 | N110: =IFERROR(表格1[[#This Row],[QTY]]*表格1[[#This Row],[Unit Price]],"-") -> 3588 | O110: 6027960 | R110: =_xlfn.CONCAT(表格1[[#This Row],[Model]]," ",表格1[[#This Row],[inv no]]) -> TWD-BN90GF4H(WK) 6027960 | S110: =_xlfn.XLOOKUP(表格1[[#This Row],[Model]],表格3[Model-Input-Ref2],表格3[SRP PRICE]) -> 5980 | T110: =表格1[[#This Row],[Unit Price]]/表格1[[#This Row],[SRP]] -> 0.6 | U110: =_xlfn.XLOOKUP(表格1[[#This Row],[Model]],表格3[Model-Input-Ref2],表格3[TOSHIBA/HIGHEST]) -> Toshiba SRP | V110: 110 | W110: =_xlfn.CONCAT(表格1[[#This Row],[欄4]],表格1[[#This Row],[inv no]]) -> 1106027960
... A135: 133 | B135: Aeon | C135: TKO | D135: =OFFSET(Roster!$A$3,MATCH(表格1[[#This Row],[Location]]&" "&表格1[[#This Row],[Shop]]&"*",Roster!$A$4:$A$72,0),DAY(表格1[[#This Row],[date]]),1,1) -> Maggie Ho_1 | E135: =MONTH(表格1[[#This Row],[date]]) -> 3 | F135: 46082 | G135: =VLOOKUP("*"&表格1[[#This Row],[Input]]&"*",'Ref-List'!$B:$D,2,) -> PLK-45SFIH(WT) | H135: =_xlfn.XLOOKUP(表格1[[#This Row],[Model]],表格3[Model-Input-Ref2],表格3[Product Line]) -> 電熱水瓶4.5L | I135: =_xlfn.XLOOKUP(表格1[[#This Row],[Model]],表格3[Model-Input-Ref2],表格3[大小電]) -> 細電 | J135: =_xlfn.XLOOKUP(表格1[[#This Row],[Model]],表格3[Model-Input-Ref2],表格3[Code]) -> SDA | K135: 45sf | L135: 1 | M135: 500 | N135: =IFERROR(表格1[[#This Row],[QTY]]*表格1[[#This Row],[Unit Price]],"-") -> 500 | O135: 4026427 | R135: =_xlfn.CONCAT(表格1[[#This Row],[Model]]," ",表格1[[#This Row],[inv no]]) -> PLK-45SFIH(WT) 4026427 | S135: =_xlfn.XLOOKUP(表格1[[#This Row],[Model]],表格3[Model-Input-Ref2],表格3[SRP PRICE]) -> 788 | T135: =表格1[[#This Row],[Unit Price]]/表格1[[#This Row],[SRP]] -> 0.63451777 | U135: =_xlfn.XLOOKUP(表格1[[#This Row],[Model]],表格3[Model-Input-Ref2],表格3[TOSHIBA/HIGHEST]) -> Toshiba SRP | V135: 110 | W135: =_xlfn.CONCAT(表格1[[#This Row],[欄4]],表格1[[#This Row],[inv no]]) -> 1104026427
A136: 134 | B136: Aeon | C136: TKO | D136: =OFFSET(Roster!$A$3,MATCH(表格1[[#This Row],[Location]]&" "&表格1[[#This Row],[Shop]]&"*",Roster!$A$4:$A$72,0),DAY(表格1[[#This Row],[date]]),1,1) -> Maggie Ho_1 | E136: =MONTH(表格1[[#This Row],[date]]) -> 3 | F136: 46082 | G136: =VLOOKUP("*"&表格1[[#This Row],[Input]]&"*",'Ref-List'!$B:$D,2,) -> CWF-18CRFN8-AD5 | H136: =_xlfn.XLOOKUP(表格1[[#This Row],[Model]],表格3[Model-Input-Ref2],表格3[Product Line]) -> Comfee 2匹變頻窗口式冷氣機 | I136: =_xlfn.XLOOKUP(表格1[[#This Row],[Model]],表格3[Model-Input-Ref2],表格3[大小電]) -> 大電 | J136: =_xlfn.XLOOKUP(表格1[[#This Row],[Model]],表格3[Model-Input-Ref2],表格3[Code]) -> RAC | K136: 18crf | L136: 1 | M136: 4588 | N136: =IFERROR(表格1[[#This Row],[QTY]]*表格1[[#This Row],[Unit Price]],"-") -> 4588 | O136: 4026640 | P136: $4288>4588 | R136: =_xlfn.CONCAT(表格1[[#This Row],[Model]]," ",表格1[[#This Row],[inv no]]) -> CWF-18CRFN8-AD5 4026640 | S136: =_xlfn.XLOOKUP(表格1[[#This Row],[Model]],表格3[Model-Input-Ref2],表格3[SRP PRICE]) -> 6600 | T136: =表格1[[#This Row],[Unit Price]]/表格1[[#This Row],[SRP]] -> 0.69515152 | U136: =_xlfn.XLOOKUP(表格1[[#This Row],[Model]],表格3[Model-Input-Ref2],表格3[TOSHIBA/HIGHEST]) -> Shops Highest Price | V136: 110 | W136: =_xlfn.CONCAT(表格1[[#This Row],[欄4]],表格1[[#This Row],[inv no]]) -> 1104026640
A137: 135 | B137: Aeon | C137: TKO | D137: =OFFSET(Roster!$A$3,MATCH(表格1[[#This Row],[Location]]&" "&表格1[[#This Row],[Shop]]&"*",Roster!$A$4:$A$72,0),DAY(表格1[[#This Row],[date]]),1,1) -> Maggie Ho_1 | E137: =MONTH(表格1[[#This Row],[date]]) -> 3 | F137: 46088 | G137: =VLOOKUP("*"&表格1[[#This Row],[Input]]&"*",'Ref-List'!$B:$D,2,) -> RC-15ISTHK(W) | H137: =_xlfn.XLOOKUP(表格1[[#This Row],[Model]],表格3[Model-Input-Ref2],表格3[Product Line]) -> 磁應電飯煲(1.5公升) | I137: =_xlfn.XLOOKUP(表格1[[#This Row],[Model]],表格3[Model-Input-Ref2],表格3[大小電]) -> 細電 | J137: =_xlfn.XLOOKUP(表格1[[#This Row],[Model]],表格3[Model-Input-Ref2],表格3[Code]) -> SDA | K137: 15ist | L137: 1 | M137: 500 | N137: =IFERROR(表格1[[#This Row],[QTY]]*表格1[[#This Row],[Unit Price]],"-") -> 500 | O137: 4026644 | R137: =_xlfn.CONCAT(表格1[[#This Row],[Model]]," ",表格1[[#This Row],[inv no]]) -> RC-15ISTHK(W) 4026644 | S137: =_xlfn.XLOOKUP(表格1[[#This Row],[Model]],表格3[Model-Input-Ref2],表格3[SRP PRICE]) -> 1688 | T137: =表格1[[#This Row],[Unit Price]]/表格1[[#This Row],[SRP]] -> 0.29620853 | U137: =_xlfn.XLOOKUP(表格1[[#This Row],[Model]],表格3[Model-Input-Ref2],表格3[TOSHIBA/HIGHEST]) -> Toshiba SRP | V137: 110 | W137: =_xlfn.CONCAT(表格1[[#This Row],[欄4]],表格1[[#This Row],[inv no]]) -> 1104026644
A138: 136 | B138: Aeon | C138: TKO | D138: =OFFSET(Roster!$A$3,MATCH(表格1[[#This Row],[Location]]&" "&表格1[[#This Row],[Shop]]&"*",Roster!$A$4:$A$72,0),DAY(表格1[[#This Row],[date]]),1,1) -> Maggie Ho_1 | E138: =MONTH(表格1[[#This Row],[date]]) -> 3 | F138: 46088 | G138: =VLOOKUP("*"&表格1[[#This Row],[Input]]&"*",'Ref-List'!$B:$D,2,) -> RC-15ISTHK(W) | H138: =_xlfn.XLOOKUP(表格1[[#This Row],[Model]],表格3[Model-Input-Ref2],表格3[Product Line]) -> 磁應電飯煲(1.5公升) | I138: =_xlfn.XLOOKUP(表格1[[#This Row],[Model]],表格3[Model-Input-Ref2],表格3[大小電]) -> 細電 | J138: =_xlfn.XLOOKUP(表格1[[#This Row],[Model]],表格3[Model-Input-Ref2],表格3[Code]) -> SDA | K138: 15ist | L138: 1 | M138: 500 | N138: =IFERROR(表格1[[#This Row],[QTY]]*表格1[[#This Row],[Unit Price]],"-") -> 500 | O138: 4026761 | R138: =_xlfn.CONCAT(表格1[[#This Row],[Model]]," ",表格1[[#This Row],[inv no]]) -> RC-15ISTHK(W) 4026761 | S138: =_xlfn.XLOOKUP(表格1[[#This Row],[Model]],表格3[Model-Input-Ref2],表格3[SRP PRICE]) -> 1688 | T138: =表格1[[#This Row],[Unit Price]]/表格1[[#This Row],[SRP]] -> 0.29620853 | U138: =_xlfn.XLOOKUP(表格1[[#This Row],[Model]],表格3[Model-Input-Ref2],表格3[TOSHIBA/HIGHEST]) -> Toshiba SRP | V138: 110 | W138: =_xlfn.CONCAT(表格1[[#This Row],[欄4]],表格1[[#This Row],[inv no]]) -> 1104026761
A139: 137 | B139: Aeon | C139: TKO | D139: =OFFSET(Roster!$A$3,MATCH(表格1[[#This Row],[Location]]&" "&表格1[[#This Row],[Shop]]&"*",Roster!$A$4:$A$72,0),DAY(表格1[[#This Row],[date]]),1,1) -> Maggie Ho_1 | E139: =MONTH(表格1[[#This Row],[date]]) -> 3 | F139: 46088 | G139: =VLOOKUP("*"&表格1[[#This Row],[Input]]&"*",'Ref-List'!$B:$D,2,) -> TWD-BN90GF4H(WK) | H139: =_xlfn.XLOOKUP(表格1[[#This Row],[Model]],表格3[Model-Input-Ref2],表格3[Product Line]) -> 超薄身前置式洗衣乾衣機 (洗8公斤 乾5公斤) | I139: =_xlfn.XLOOKUP(表格1[[#This Row],[Model]],表格3[Model-Input-Ref2],表格3[大小電]) -> 大電 | J139: =_xlfn.XLOOKUP(表格1[[#This Row],[Model]],表格3[Model-Input-Ref2],表格3[Code]) -> WM | K139: bn90 | L139: 1 | M139: 3588 | N139: =IFERROR(表格1[[#This Row],[QTY]]*表格1[[#This Row],[Unit Price]],"-") -> 3588 | O139: 4026760 | R139: =_xlfn.CONCAT(表格1[[#This Row],[Model]]," ",表格1[[#This Row],[inv no]]) -> TWD-BN90GF4H(WK) 4026760 | S139: =_xlfn.XLOOKUP(表格1[[#This Row],[Model]],表格3[Model-Input-Ref2],表格3[SRP PRICE]) -> 5980 | T139: =表格1[[#This Row],[Unit Price]]/表格1[[#This Row],[SRP]] -> 0.6 | U139: =_xlfn.XLOOKUP(表格1[[#This Row],[Model]],表格3[Model-Input-Ref2],表格3[TOSHIBA/HIGHEST]) -> Toshiba SRP | V139: 110 | W139: =_xlfn.CONCAT(表格1[[#This Row],[欄4]],表格1[[#This Row],[inv no]]) -> 1104026760
A140: 138 | B140: Aeon | C140: TKO | D140: =OFFSET(Roster!$A$3,MATCH(表格1[[#This Row],[Location]]&" "&表格1[[#This Row],[Shop]]&"*",Roster!$A$4:$A$72,0),DAY(表格1[[#This Row],[date]]),1,1) -> Maggie Ho_1 | E140: =MONTH(表格1[[#This Row],[date]]) -> 3 | F140: 46088 | G140: =VLOOKUP("*"&表格1[[#This Row],[Input]]&"*",'Ref-List'!$B:$D,2,) -> TWP-TSR76THK(W) | H140: =_xlfn.XLOOKUP(表格1[[#This Row],[Model]],表格3[Model-Input-Ref2],表格3[Product Line]) -> RO座檯式飲水機 | I140: =_xlfn.XLOOKUP(表格1[[#This Row],[Model]],表格3[Model-Input-Ref2],表格3[大小電]) -> 細電 | J140: =_xlfn.XLOOKUP(表格1[[#This Row],[Model]],表格3[Model-Input-Ref2],表格3[Code]) -> KWH | K140: tsr76 | L140: 1 | M140: 1500 | N140: =IFERROR(表格1[[#This Row],[QTY]]*表格1[[#This Row],[Unit Price]],"-") -> 1500 | O140: 4018190 | R140: =_xlfn.CONCAT(表格1[[#This Row],[Model]]," ",表格1[[#This Row],[inv no]]) -> TWP-TSR76THK(W) 4018190 | S140: =_xlfn.XLOOKUP(表格1[[#This Row],[Model]],表格3[Model-Input-Ref2],表格3[SRP PRICE]) -> 2680 | T140: =表格1[[#This Row],[Unit Price]]/表格1[[#This Row],[SRP]] -> 0.55970149 | U140: =_xlfn.XLOOKUP(表格1[[#This Row],[Model]],表格3[Model-Input-Ref2],表格3[TOSHIBA/HIGHEST]) -> Toshiba SRP | V140: 110 | W140: =_xlfn.CONCAT(表格1[[#This Row],[欄4]],表格1[[#This Row],[inv no]]) -> 1104018190
A141: 139 | B141: Aeon | C141: TKO | D141: =OFFSET(Roster!$A$3,MATCH(表格1[[#This Row],[Location]]&" "&表格1[[#This Row],[Shop]]&"*",Roster!$A$4:$A$72,0),DAY(表格1[[#This Row],[date]]),1,1) -> Maggie Ho_1 | E141: =MONTH(表格1[[#This Row],[date]]) -> 3 | F141: 46088 | G141: =VLOOKUP("*"&表格1[[#This Row],[Input]]&"*",'Ref-List'!$B:$D,2,) -> AW-M901BPH(WW) | H141: =_xlfn.XLOOKUP(表格1[[#This Row],[Model]],表格3[Model-Input-Ref2],表格3[Product Line]) -> 全自動洗衣機 (8公斤 結合高低水位) | I141: =_xlfn.XLOOKUP(表格1[[#This Row],[Model]],表格3[Model-Input-Ref2],表格3[大小電]) -> 大電 | J141: =_xlfn.XLOOKUP(表格1[[#This Row],[Model]],表格3[Model-Input-Ref2],表格3[Code]) -> WM | K141: m901 | L141: 1 | M141: 1500 | N141: =IFERROR(表格1[[#This Row],[QTY]]*表格1[[#This Row],[Unit Price]],"-") -> 1500 | O141: 4018373 | R141: =_xlfn.CONCAT(表格1[[#This Row],[Model]]," ",表格1[[#This Row],[inv no]]) -> AW-M901BPH(WW) 4018373 | S141: =_xlfn.XLOOKUP(表格1[[#This Row],[Model]],表格3[Model-Input-Ref2],表格3[SRP PRICE]) -> 3580 | T141: =表格1[[#This Row],[Unit Price]]/表格1[[#This Row],[SRP]] -> 0.41899441 | U141: =_xlfn.XLOOKUP(表格1[[#This Row],[Model]],表格3[Model-Input-Ref2],表格3[TOSHIBA/HIGHEST]) -> Toshiba SRP | V141: 110 | W141: =_xlfn.CONCAT(表格1[[#This Row],[欄4]],表格1[[#This Row],[inv no]]) -> 1104018373
A142: 140 | B142: Aeon | C142: TKO | D142: =OFFSET(Roster!$A$3,MATCH(表格1[[#This Row],[Location]]&" "&表格1[[#This Row],[Shop]]&"*",Roster!$A$4:$A$72,0),DAY(表格1[[#This Row],[date]]),1,1) -> Maggie Ho_1 | E142: =MONTH(表格1[[#This Row],[date]]) -> 3 | F142: 46088 | G142: =VLOOKUP("*"&表格1[[#This Row],[Input]]&"*",'Ref-List'!$B:$D,2,) -> TW-BL85A2H(WW) | H142: =_xlfn.XLOOKUP(表格1[[#This Row],[Model]],表格3[Model-Input-Ref2],表格3[Product Line]) -> 7.5KG超薄身前置式變頻洗衣機 | I142: =_xlfn.XLOOKUP(表格1[[#This Row],[Model]],表格3[Model-Input-Ref2],表格3[大小電]) -> 大電 | J142: =_xlfn.XLOOKUP(表格1[[#This Row],[Model]],表格3[Model-Input-Ref2],表格3[Code]) -> WM | K142: bl85a2 | L142: 1 | M142: 2588 | N142: =IFERROR(表格1[[#This Row],[QTY]]*表格1[[#This Row],[Unit Price]],"-") -> 2588 | O142: 4026652 | R142: =_xlfn.CONCAT(表格1[[#This Row],[Model]]," ",表格1[[#This Row],[inv no]]) -> TW-BL85A2H(WW) 4026652 | S142: =_xlfn.XLOOKUP(表格1[[#This Row],[Model]],表格3[Model-Input-Ref2],表格3[SRP PRICE]) -> 5080 | T142: =表格1[[#This Row],[Unit Price]]/表格1[[#This Row],[SRP]] -> 0.50944882 | U142: =_xlfn.XLOOKUP(表格1[[#This Row],[Model]],表格3[Model-Input-Ref2],表格3[TOSHIBA/HIGHEST]) -> Toshiba SRP | V142: 110 | W142: =_xlfn.CONCAT(表格1[[#This Row],[欄4]],表格1[[#This Row],[inv no]]) -> 1104026652
A143: 141 | B143: Aeon | C143: TKO | D143: =OFFSET(Roster!$A$3,MATCH(表格1[[#This Row],[Location]]&" "&表格1[[#This Row],[Shop]]&"*",Roster!$A$4:$A$72,0),DAY(表格1[[#This Row],[date]]),1,1) -> Maggie Ho_1 | E143: =MONTH(表格1[[#This Row],[date]]) -> 3 | F143: 46089 | G143: =VLOOKUP("*"&表格1[[#This Row],[Input]]&"*",'Ref-List'!$B:$D,2,) -> GR-A26HSZ(DS) | H143: =_xlfn.XLOOKUP(表格1[[#This Row],[Model]],表格3[Model-Input-Ref2],表格3[Product Line]) -> 雙門變頻式環保雪櫃 | I143: =_xlfn.XLOOKUP(表格1[[#This Row],[Model]],表格3[Model-Input-Ref2],表格3[大小電]) -> 大電 | J143: =_xlfn.XLOOKUP(表格1[[#This Row],[Model]],表格3[Model-Input-Ref2],表格3[Code]) -> AC | K143: a26hsz | L143: 1 | M143: 1500 | N143: =IFERROR(表格1[[#This Row],[QTY]]*表格1[[#This Row],[Unit Price]],"-") -> 1500 | O143: 4018572 | R143: =_xlfn.CONCAT(表格1[[#This Row],[Model]]," ",表格1[[#This Row],[inv no]]) -> GR-A26HSZ(DS) 4018572 | S143: =_xlfn.XLOOKUP(表格1[[#This Row],[Model]],表格3[Model-Input-Ref2],表格3[SRP PRICE]) -> 3780 | T143: =表格1[[#This Row],[Unit Price]]/表格1[[#This Row],[SRP]] -> 0.3968254 | U143: =_xlfn.XLOOKUP(表格1[[#This Row],[Model]],表格3[Model-Input-Ref2],表格3[TOSHIBA/HIGHEST]) -> Toshiba SRP | V143: 110 | W143: =_xlfn.CONCAT(表格1[[#This Row],[欄4]],表格1[[#This Row],[inv no]]) -> 1104018572
A144: 142 | B144: Aeon | C144: TKO | D144: =OFFSET(Roster!$A$3,MATCH(表格1[[#This Row],[Location]]&" "&表格1[[#This Row],[Shop]]&"*",Roster!$A$4:$A$72,0),DAY(表格1[[#This Row],[date]]),1,1) -> Maggie Ho_1 | E144: =MONTH(表格1[[#This Row],[date]]) -> 3 | F144: 46089 | G144: =VLOOKUP("*"&表格1[[#This Row],[Input]]&"*",'Ref-List'!$B:$D,2,) -> TWP-TSR76THK(W) | H144: =_xlfn.XLOOKUP(表格1[[#This Row],[Model]],表格3[Model-Input-Ref2],表格3[Product Line]) -> RO座檯式飲水機 | I144: =_xlfn.XLOOKUP(表格1[[#This Row],[Model]],表格3[Model-Input-Ref2],表格3[大小電]) -> 細電 | J144: =_xlfn.XLOOKUP(表格1[[#This Row],[Model]],表格3[Model-Input-Ref2],表格3[Code]) -> KWH | K144: tsr76 | L144: 1 | M144: 1500 | N144: =IFERROR(表格1[[#This Row],[QTY]]*表格1[[#This Row],[Unit Price]],"-") -> 1500 | O144: 4019382 | R144: =_xlfn.CONCAT(表格1[[#This Row],[Model]]," ",表格1[[#This Row],[inv no]]) -> TWP-TSR76THK(W) 4019382 | S144: =_xlfn.XLOOKUP(表格1[[#This Row],[Model]],表格3[Model-Input-Ref2],表格3[SRP PRICE]) -> 2680 | T144: =表格1[[#This Row],[Unit Price]]/表格1[[#This Row],[SRP]] -> 0.55970149 | U144: =_xlfn.XLOOKUP(表格1[[#This Row],[Model]],表格3[Model-Input-Ref2],表格3[TOSHIBA/HIGHEST]) -> Toshiba SRP | V144: 110 | W144: =_xlfn.CONCAT(表格1[[#This Row],[欄4]],表格1[[#This Row],[inv no]]) -> 1104019382
A145: 143 | B145: Aeon | C145: TKO | D145: =OFFSET(Roster!$A$3,MATCH(表格1[[#This Row],[Location]]&" "&表格1[[#This Row],[Shop]]&"*",Roster!$A$4:$A$72,0),DAY(表格1[[#This Row],[date]]),1,1) -> Maggie Ho_1 | E145: =MONTH(表格1[[#This Row],[date]]) -> 3 | F145: 46089 | G145: =VLOOKUP("*"&表格1[[#This Row],[Input]]&"*",'Ref-List'!$B:$D,2,) -> RC-15ISTHK(W) | H145: =_xlfn.XLOOKUP(表格1[[#This Row],[Model]],表格3[Model-Input-Ref2],表格3[Product Line]) -> 磁應電飯煲(1.5公升) | I145: =_xlfn.XLOOKUP(表格1[[#This Row],[Model]],表格3[Model-Input-Ref2],表格3[大小電]) -> 細電 | J145: =_xlfn.XLOOKUP(表格1[[#This Row],[Model]],表格3[Model-Input-Ref2],表格3[Code]) -> SDA | K145: 15ist | L145: 1 | M145: 500 | N145: =IFERROR(表格1[[#This Row],[QTY]]*表格1[[#This Row],[Unit Price]],"-") -> 500 | O145: 4019409 | R145: =_xlfn.CONCAT(表格1[[#This Row],[Model]]," ",表格1[[#This Row],[inv no]]) -> RC-15ISTHK(W) 4019409 | S145: =_xlfn.XLOOKUP(表格1[[#This Row],[Model]],表格3[Model-Input-Ref2],表格3[SRP PRICE]) -> 1688 | T145: =表格1[[#This Row],[Unit Price]]/表格1[[#This Row],[SRP]] -> 0.29620853 | U145: =_xlfn.XLOOKUP(表格1[[#This Row],[Model]],表格3[Model-Input-Ref2],表格3[TOSHIBA/HIGHEST]) -> Toshiba SRP | V145: 110 | W145: =_xlfn.CONCAT(表格1[[#This Row],[欄4]],表格1[[#This Row],[inv no]]) -> 1104019409
A146: 144 | B146: Aeon | C146: TKO | D146: =OFFSET(Roster!$A$3,MATCH(表格1[[#This Row],[Location]]&" "&表格1[[#This Row],[Shop]]&"*",Roster!$A$4:$A$72,0),DAY(表格1[[#This Row],[date]]),1,1) -> Maggie Ho_1 | E146: =MONTH(表格1[[#This Row],[date]]) -> 3 | F146: 46089 | G146: =VLOOKUP("*"&表格1[[#This Row],[Input]]&"*",'Ref-List'!$B:$D,2,) -> MW2-MM24PC(BK) | H146: =_xlfn.XLOOKUP(表格1[[#This Row],[Model]],表格3[Model-Input-Ref2],表格3[Product Line]) -> 旋鈕式微波爐24L | I146: =_xlfn.XLOOKUP(表格1[[#This Row],[Model]],表格3[Model-Input-Ref2],表格3[大小電]) -> 細電 | J146: =_xlfn.XLOOKUP(表格1[[#This Row],[Model]],表格3[Model-Input-Ref2],表格3[Code]) -> SDA | K146: mm24 | L146: 1 | M146: 500 | N146: =IFERROR(表格1[[#This Row],[QTY]]*表格1[[#This Row],[Unit Price]],"-") -> 500 | O146: 4019125 | R146: =_xlfn.CONCAT(表格1[[#This Row],[Model]]," ",表格1[[#This Row],[inv no]]) -> MW2-MM24PC(BK) 4019125 | S146: =_xlfn.XLOOKUP(表格1[[#This Row],[Model]],表格3[Model-Input-Ref2],表格3[SRP PRICE]) -> 848 | T146: =表格1[[#This Row],[Unit Price]]/表格1[[#This Row],[SRP]] -> 0.58962264 | U146: =_xlfn.XLOOKUP(表格1[[#This Row],[Model]],表格3[Model-Input-Ref2],表格3[TOSHIBA/HIGHEST]) -> Toshiba SRP | V146: 110 | W146: =_xlfn.CONCAT(表格1[[#This Row],[欄4]],表格1[[#This Row],[inv no]]) -> 1104019125
A147: 145 | B147: Aeon | C147: TKO | D147: =OFFSET(Roster!$A$3,MATCH(表格1[[#This Row],[Location]]&" "&表格1[[#This Row],[Shop]]&"*",Roster!$A$4:$A$72,0),DAY(表格1[[#This Row],[date]]),1,1) -> Maggie Ho_1 | E147: =MONTH(表格1[[#This Row],[date]]) -> 3 | F147: 46089 | G147: =VLOOKUP("*"&表格1[[#This Row],[Input]]&"*",'Ref-List'!$B:$D,2,) -> RC-15ISTHK(W) | H147: =_xlfn.XLOOKUP(表格1[[#This Row],[Model]],表格3[Model-Input-Ref2],表格3[Product Line]) -> 磁應電飯煲(1.5公升) | I147: =_xlfn.XLOOKUP(表格1[[#This Row],[Model]],表格3[Model-Input-Ref2],表格3[大小電]) -> 細電 | J147: =_xlfn.XLOOKUP(表格1[[#This Row],[Model]],表格3[Model-Input-Ref2],表格3[Code]) -> SDA | K147: 15ist | L147: 1 | M147: 500 | N147: =IFERROR(表格1[[#This Row],[QTY]]*表格1[[#This Row],[Unit Price]],"-") -> 500 | O147: 4027689 | R147: =_xlfn.CONCAT(表格1[[#This Row],[Model]]," ",表格1[[#This Row],[inv no]]) -> RC-15ISTHK(W) 4027689 | S147: =_xlfn.XLOOKUP(表格1[[#This Row],[Model]],表格3[Model-Input-Ref2],表格3[SRP PRICE]) -> 1688 | T147: =表格1[[#This Row],[Unit Price]]/表格1[[#This Row],[SRP]] -> 0.29620853 | U147: =_xlfn.XLOOKUP(表格1[[#This Row],[Model]],表格3[Model-Input-Ref2],表格3[TOSHIBA/HIGHEST]) -> Toshiba SRP | V147: 110 | W147: =_xlfn.CONCAT(表格1[[#This Row],[欄4]],表格1[[#This Row],[inv no]]) -> 1104027689
A148: 146 | B148: Aeon | C148: TKO | D148: =OFFSET(Roster!$A$3,MATCH(表格1[[#This Row],[Location]]&" "&表格1[[#This Row],[Shop]]&"*",Roster!$A$4:$A$72,0),DAY(表格1[[#This Row],[date]]),1,1) -> Maggie Ho_1 | E148: =MONTH(表格1[[#This Row],[date]]) -> 3 | F148: 46089 | G148: =VLOOKUP("*"&表格1[[#This Row],[Input]]&"*",'Ref-List'!$B:$D,2,) -> RAD-D200H | H148: =_xlfn.XLOOKUP(表格1[[#This Row],[Model]],表格3[Model-Input-Ref2],表格3[Product Line]) -> 壓縮式抽濕機 (22公升) | I148: =_xlfn.XLOOKUP(表格1[[#This Row],[Model]],表格3[Model-Input-Ref2],表格3[大小電]) -> 細電 | J148: =_xlfn.XLOOKUP(表格1[[#This Row],[Model]],表格3[Model-Input-Ref2],表格3[Code]) -> RAC | K148: d200 | L148: 1 | M148: 2280 | N148: =IFERROR(表格1[[#This Row],[QTY]]*表格1[[#This Row],[Unit Price]],"-") -> 2280 | O148: 4028068 | R148: =_xlfn.CONCAT(表格1[[#This Row],[Model]]," ",表格1[[#This Row],[inv no]]) -> RAD-D200H 4028068 | S148: =_xlfn.XLOOKUP(表格1[[#This Row],[Model]],表格3[Model-Input-Ref2],表格3[SRP PRICE]) -> 2880 | T148: =表格1[[#This Row],[Unit Price]]/表格1[[#This Row],[SRP]] -> 0.79166667 | U148: =_xlfn.XLOOKUP(表格1[[#This Row],[Model]],表格3[Model-Input-Ref2],表格3[TOSHIBA/HIGHEST]) -> Shops Highest Price | V148: 110 | W148: =_xlfn.CONCAT(表格1[[#This Row],[欄4]],表格1[[#This Row],[inv no]]) -> 1104028068
... A151: 149 | B151: Aeon | C151: TKO | D151: =OFFSET(Roster!$A$3,MATCH(表格1[[#This Row],[Location]]&" "&表格1[[#This Row],[Shop]]&"*",Roster!$A$4:$A$72,0),DAY(表格1[[#This Row],[date]]),1,1) -> Maggie Ho_1 | E151: =MONTH(表格1[[#This Row],[date]]) -> 3 | F151: 46095 | G151: =VLOOKUP("*"&表格1[[#This Row],[Input]]&"*",'Ref-List'!$B:$D,2,) -> PLK-45SFIH(WT) | H151: =_xlfn.XLOOKUP(表格1[[#This Row],[Model]],表格3[Model-Input-Ref2],表格3[Product Line]) -> 電熱水瓶4.5L | I151: =_xlfn.XLOOKUP(表格1[[#This Row],[Model]],表格3[Model-Input-Ref2],表格3[大小電]) -> 細電 | J151: =_xlfn.XLOOKUP(表格1[[#This Row],[Model]],表格3[Model-Input-Ref2],表格3[Code]) -> SDA | K151: 45sf | L151: 1 | M151: 500 | N151: =IFERROR(表格1[[#This Row],[QTY]]*表格1[[#This Row],[Unit Price]],"-") -> 500 | O151: 4010388 | R151: =_xlfn.CONCAT(表格1[[#This Row],[Model]]," ",表格1[[#This Row],[inv no]]) -> PLK-45SFIH(WT) 4010388 | S151: =_xlfn.XLOOKUP(表格1[[#This Row],[Model]],表格3[Model-Input-Ref2],表格3[SRP PRICE]) -> 788 | T151: =表格1[[#This Row],[Unit Price]]/表格1[[#This Row],[SRP]] -> 0.63451777 | U151: =_xlfn.XLOOKUP(表格1[[#This Row],[Model]],表格3[Model-Input-Ref2],表格3[TOSHIBA/HIGHEST]) -> Toshiba SRP | V151: 110 | W151: =_xlfn.CONCAT(表格1[[#This Row],[欄4]],表格1[[#This Row],[inv no]]) -> 1104010388
A152: 150 | B152: Aeon | C152: TKO | D152: =OFFSET(Roster!$A$3,MATCH(表格1[[#This Row],[Location]]&" "&表格1[[#This Row],[Shop]]&"*",Roster!$A$4:$A$72,0),DAY(表格1[[#This Row],[date]]),1,1) -> Maggie Ho_1 | E152: =MONTH(表格1[[#This Row],[date]]) -> 3 | F152: 46095 | G152: =VLOOKUP("*"&表格1[[#This Row],[Input]]&"*",'Ref-List'!$B:$D,2,) -> DWS-34AHK | H152: =_xlfn.XLOOKUP(表格1[[#This Row],[Model]],表格3[Model-Input-Ref2],表格3[Product Line]) -> 獨立式免安裝洗碗碟機 | I152: =_xlfn.XLOOKUP(表格1[[#This Row],[Model]],表格3[Model-Input-Ref2],表格3[大小電]) -> 細電 | J152: =_xlfn.XLOOKUP(表格1[[#This Row],[Model]],表格3[Model-Input-Ref2],表格3[Code]) -> DM | K152: 34ahk | L152: 1 | M152: 1500 | N152: =IFERROR(表格1[[#This Row],[QTY]]*表格1[[#This Row],[Unit Price]],"-") -> 1500 | O152: 4029714 | P152: 4029174>4029714 | R152: =_xlfn.CONCAT(表格1[[#This Row],[Model]]," ",表格1[[#This Row],[inv no]]) -> DWS-34AHK 4029714 | S152: =_xlfn.XLOOKUP(表格1[[#This Row],[Model]],表格3[Model-Input-Ref2],表格3[SRP PRICE]) -> 3999 | T152: =表格1[[#This Row],[Unit Price]]/表格1[[#This Row],[SRP]] -> 0.37509377 | U152: =_xlfn.XLOOKUP(表格1[[#This Row],[Model]],表格3[Model-Input-Ref2],表格3[TOSHIBA/HIGHEST]) -> Web SRP | V152: 110 | W152: =_xlfn.CONCAT(表格1[[#This Row],[欄4]],表格1[[#This Row],[inv no]]) -> 1104029714
A153: 151 | B153: Aeon | C153: TKO | D153: =OFFSET(Roster!$A$3,MATCH(表格1[[#This Row],[Location]]&" "&表格1[[#This Row],[Shop]]&"*",Roster!$A$4:$A$72,0),DAY(表格1[[#This Row],[date]]),1,1) -> Maggie Ho_1 | E153: =MONTH(表格1[[#This Row],[date]]) -> 3 | F153: 46095 | G153: =VLOOKUP("*"&表格1[[#This Row],[Input]]&"*",'Ref-List'!$B:$D,2,) -> TW-BL85A2H(WW) | H153: =_xlfn.XLOOKUP(表格1[[#This Row],[Model]],表格3[Model-Input-Ref2],表格3[Product Line]) -> 7.5KG超薄身前置式變頻洗衣機 | I153: =_xlfn.XLOOKUP(表格1[[#This Row],[Model]],表格3[Model-Input-Ref2],表格3[大小電]) -> 大電 | J153: =_xlfn.XLOOKUP(表格1[[#This Row],[Model]],表格3[Model-Input-Ref2],表格3[Code]) -> WM | K153: bl85a2 | L153: 1 | M153: 2588 | N153: =IFERROR(表格1[[#This Row],[QTY]]*表格1[[#This Row],[Unit Price]],"-") -> 2588 | O153: 4012203 | R153: =_xlfn.CONCAT(表格1[[#This Row],[Model]]," ",表格1[[#This Row],[inv no]]) -> TW-BL85A2H(WW) 4012203 | S153: =_xlfn.XLOOKUP(表格1[[#This Row],[Model]],表格3[Model-Input-Ref2],表格3[SRP PRICE]) -> 5080 | T153: =表格1[[#This Row],[Unit Price]]/表格1[[#This Row],[SRP]] -> 0.50944882 | U153: =_xlfn.XLOOKUP(表格1[[#This Row],[Model]],表格3[Model-Input-Ref2],表格3[TOSHIBA/HIGHEST]) -> Toshiba SRP | V153: 110 | W153: =_xlfn.CONCAT(表格1[[#This Row],[欄4]],表格1[[#This Row],[inv no]]) -> 1104012203
A154: 152 | B154: Aeon | C154: TKO | D154: =OFFSET(Roster!$A$3,MATCH(表格1[[#This Row],[Location]]&" "&表格1[[#This Row],[Shop]]&"*",Roster!$A$4:$A$72,0),DAY(表格1[[#This Row],[date]]),1,1) -> Maggie Ho_1 | E154: =MONTH(表格1[[#This Row],[date]]) -> 3 | F154: 46096 | G154: =VLOOKUP("*"&表格1[[#This Row],[Input]]&"*",'Ref-List'!$B:$D,2,) -> TW-BL85A2H(WW) | H154: =_xlfn.XLOOKUP(表格1[[#This Row],[Model]],表格3[Model-Input-Ref2],表格3[Product Line]) -> 7.5KG超薄身前置式變頻洗衣機 | I154: =_xlfn.XLOOKUP(表格1[[#This Row],[Model]],表格3[Model-Input-Ref2],表格3[大小電]) -> 大電 | J154: =_xlfn.XLOOKUP(表格1[[#This Row],[Model]],表格3[Model-Input-Ref2],表格3[Code]) -> WM | K154: bl85a2 | L154: 1 | M154: 2588 | N154: =IFERROR(表格1[[#This Row],[QTY]]*表格1[[#This Row],[Unit Price]],"-") -> 2588 | O154: 4029663 | R154: =_xlfn.CONCAT(表格1[[#This Row],[Model]]," ",表格1[[#This Row],[inv no]]) -> TW-BL85A2H(WW) 4029663 | S154: =_xlfn.XLOOKUP(表格1[[#This Row],[Model]],表格3[Model-Input-Ref2],表格3[SRP PRICE]) -> 5080 | T154: =表格1[[#This Row],[Unit Price]]/表格1[[#This Row],[SRP]] -> 0.50944882 | U154: =_xlfn.XLOOKUP(表格1[[#This Row],[Model]],表格3[Model-Input-Ref2],表格3[TOSHIBA/HIGHEST]) -> Toshiba SRP | V154: 110 | W154: =_xlfn.CONCAT(表格1[[#This Row],[欄4]],表格1[[#This Row],[inv no]]) -> 1104029663
A155: 153 | B155: Aeon | C155: TKO | D155: =OFFSET(Roster!$A$3,MATCH(表格1[[#This Row],[Location]]&" "&表格1[[#This Row],[Shop]]&"*",Roster!$A$4:$A$72,0),DAY(表格1[[#This Row],[date]]),1,1) -> Maggie Ho_1 | E155: =MONTH(表格1[[#This Row],[date]]) -> 3 | F155: 46096 | G155: =VLOOKUP("*"&表格1[[#This Row],[Input]]&"*",'Ref-List'!$B:$D,2,) -> DWS-34AHK | H155: =_xlfn.XLOOKUP(表格1[[#This Row],[Model]],表格3[Model-Input-Ref2],表格3[Product Line]) -> 獨立式免安裝洗碗碟機 | I155: =_xlfn.XLOOKUP(表格1[[#This Row],[Model]],表格3[Model-Input-Ref2],表格3[大小電]) -> 細電 | J155: =_xlfn.XLOOKUP(表格1[[#This Row],[Model]],表格3[Model-Input-Ref2],表格3[Code]) -> DM | K155: 34ahk | L155: 1 | M155: 1500 | N155: =IFERROR(表格1[[#This Row],[QTY]]*表格1[[#This Row],[Unit Price]],"-") -> 1500 | O155: 4029717 | R155: =_xlfn.CONCAT(表格1[[#This Row],[Model]]," ",表格1[[#This Row],[inv no]]) -> DWS-34AHK 4029717 | S155: =_xlfn.XLOOKUP(表格1[[#This Row],[Model]],表格3[Model-Input-Ref2],表格3[SRP PRICE]) -> 3999 | T155: =表格1[[#This Row],[Unit Price]]/表格1[[#This Row],[SRP]] -> 0.37509377 | U155: =_xlfn.XLOOKUP(表格1[[#This Row],[Model]],表格3[Model-Input-Ref2],表格3[TOSHIBA/HIGHEST]) -> Web SRP | V155: 110 | W155: =_xlfn.CONCAT(表格1[[#This Row],[欄4]],表格1[[#This Row],[inv no]]) -> 1104029717
A156: 154 | B156: Aeon | C156: TKO | D156: =OFFSET(Roster!$A$3,MATCH(表格1[[#This Row],[Location]]&" "&表格1[[#This Row],[Shop]]&"*",Roster!$A$4:$A$72,0),DAY(表格1[[#This Row],[date]]),1,1) -> Maggie Ho_1 | E156: =MONTH(表格1[[#This Row],[date]]) -> 3 | F156: 46096 | G156: =VLOOKUP("*"&表格1[[#This Row],[Input]]&"*",'Ref-List'!$B:$D,2,) -> RC-15ISTHK(W) | H156: =_xlfn.XLOOKUP(表格1[[#This Row],[Model]],表格3[Model-Input-Ref2],表格3[Product Line]) -> 磁應電飯煲(1.5公升) | I156: =_xlfn.XLOOKUP(表格1[[#This Row],[Model]],表格3[Model-Input-Ref2],表格3[大小電]) -> 細電 | J156: =_xlfn.XLOOKUP(表格1[[#This Row],[Model]],表格3[Model-Input-Ref2],表格3[Code]) -> SDA | K156: 15ist | L156: 1 | M156: 500 | N156: =IFERROR(表格1[[#This Row],[QTY]]*表格1[[#This Row],[Unit Price]],"-") -> 500 | O156: 4029743 | R156: =_xlfn.CONCAT(表格1[[#This Row],[Model]]," ",表格1[[#This Row],[inv no]]) -> RC-15ISTHK(W) 4029743 | S156: =_xlfn.XLOOKUP(表格1[[#This Row],[Model]],表格3[Model-Input-Ref2],表格3[SRP PRICE]) -> 1688 | T156: =表格1[[#This Row],[Unit Price]]/表格1[[#This Row],[SRP]] -> 0.29620853 | U156: =_xlfn.XLOOKUP(表格1[[#This Row],[Model]],表格3[Model-Input-Ref2],表格3[TOSHIBA/HIGHEST]) -> Toshiba SRP | V156: 110 | W156: =_xlfn.CONCAT(表格1[[#This Row],[欄4]],表格1[[#This Row],[inv no]]) -> 1104029743
A157: 155 | B157: Aeon | C157: TKO | D157: =OFFSET(Roster!$A$3,MATCH(表格1[[#This Row],[Location]]&" "&表格1[[#This Row],[Shop]]&"*",Roster!$A$4:$A$72,0),DAY(表格1[[#This Row],[date]]),1,1) -> Maggie Ho_1 | E157: =MONTH(表格1[[#This Row],[date]]) -> 3 | F157: 46096 | G157: =VLOOKUP("*"&表格1[[#This Row],[Input]]&"*",'Ref-List'!$B:$D,2,) -> GR-A26HSZ(DS) | H157: =_xlfn.XLOOKUP(表格1[[#This Row],[Model]],表格3[Model-Input-Ref2],表格3[Product Line]) -> 雙門變頻式環保雪櫃 | I157: =_xlfn.XLOOKUP(表格1[[#This Row],[Model]],表格3[Model-Input-Ref2],表格3[大小電]) -> 大電 | J157: =_xlfn.XLOOKUP(表格1[[#This Row],[Model]],表格3[Model-Input-Ref2],表格3[Code]) -> AC | K157: a26hsz | L157: 1 | M157: 1500 | N157: =IFERROR(表格1[[#This Row],[QTY]]*表格1[[#This Row],[Unit Price]],"-") -> 1500 | O157: 4029671 | R157: =_xlfn.CONCAT(表格1[[#This Row],[Model]]," ",表格1[[#This Row],[inv no]]) -> GR-A26HSZ(DS) 4029671 | S157: =_xlfn.XLOOKUP(表格1[[#This Row],[Model]],表格3[Model-Input-Ref2],表格3[SRP PRICE]) -> 3780 | T157: =表格1[[#This Row],[Unit Price]]/表格1[[#This Row],[SRP]] -> 0.3968254 | U157: =_xlfn.XLOOKUP(表格1[[#This Row],[Model]],表格3[Model-Input-Ref2],表格3[TOSHIBA/HIGHEST]) -> Toshiba SRP | V157: 110 | W157: =_xlfn.CONCAT(表格1[[#This Row],[欄4]],表格1[[#This Row],[inv no]]) -> 1104029671
A158: 156 | B158: Aeon | C158: TKO | D158: =OFFSET(Roster!$A$3,MATCH(表格1[[#This Row],[Location]]&" "&表格1[[#This Row],[Shop]]&"*",Roster!$A$4:$A$72,0),DAY(表格1[[#This Row],[date]]),1,1) -> Maggie Ho_1 | E158: =MONTH(表格1[[#This Row],[date]]) -> 3 | F158: 46096 | G158: =VLOOKUP("*"&表格1[[#This Row],[Input]]&"*",'Ref-List'!$B:$D,2,) -> GR-A26HSZ(DS) | H158: =_xlfn.XLOOKUP(表格1[[#This Row],[Model]],表格3[Model-Input-Ref2],表格3[Product Line]) -> 雙門變頻式環保雪櫃 | I158: =_xlfn.XLOOKUP(表格1[[#This Row],[Model]],表格3[Model-Input-Ref2],表格3[大小電]) -> 大電 | J158: =_xlfn.XLOOKUP(表格1[[#This Row],[Model]],表格3[Model-Input-Ref2],表格3[Code]) -> AC | K158: a26hsz | L158: 1 | M158: 1500 | N158: =IFERROR(表格1[[#This Row],[QTY]]*表格1[[#This Row],[Unit Price]],"-") -> 1500 | O158: 4029664 | R158: =_xlfn.CONCAT(表格1[[#This Row],[Model]]," ",表格1[[#This Row],[inv no]]) -> GR-A26HSZ(DS) 4029664 | S158: =_xlfn.XLOOKUP(表格1[[#This Row],[Model]],表格3[Model-Input-Ref2],表格3[SRP PRICE]) -> 3780 | T158: =表格1[[#This Row],[Unit Price]]/表格1[[#This Row],[SRP]] -> 0.3968254 | U158: =_xlfn.XLOOKUP(表格1[[#This Row],[Model]],表格3[Model-Input-Ref2],表格3[TOSHIBA/HIGHEST]) -> Toshiba SRP | V158: 110 | W158: =_xlfn.CONCAT(表格1[[#This Row],[欄4]],表格1[[#This Row],[inv no]]) -> 1104029664
A159: 157 | B159: Aeon | C159: TKO | D159: =OFFSET(Roster!$A$3,MATCH(表格1[[#This Row],[Location]]&" "&表格1[[#This Row],[Shop]]&"*",Roster!$A$4:$A$72,0),DAY(表格1[[#This Row],[date]]),1,1) -> Maggie Ho_1 | E159: =MONTH(表格1[[#This Row],[date]]) -> 3 | F159: 46096 | G159: =VLOOKUP("*"&表格1[[#This Row],[Input]]&"*",'Ref-List'!$B:$D,2,) -> RC-15ISTHK(W) | H159: =_xlfn.XLOOKUP(表格1[[#This Row],[Model]],表格3[Model-Input-Ref2],表格3[Product Line]) -> 磁應電飯煲(1.5公升) | I159: =_xlfn.XLOOKUP(表格1[[#This Row],[Model]],表格3[Model-Input-Ref2],表格3[大小電]) -> 細電 | J159: =_xlfn.XLOOKUP(表格1[[#This Row],[Model]],表格3[Model-Input-Ref2],表格3[Code]) -> SDA | K159: 15ist | L159: 1 | M159: 500 | N159: =IFERROR(表格1[[#This Row],[QTY]]*表格1[[#This Row],[Unit Price]],"-") -> 500 | O159: 4029668 | R159: =_xlfn.CONCAT(表格1[[#This Row],[Model]]," ",表格1[[#This Row],[inv no]]) -> RC-15ISTHK(W) 4029668 | S159: =_xlfn.XLOOKUP(表格1[[#This Row],[Model]],表格3[Model-Input-Ref2],表格3[SRP PRICE]) -> 1688 | T159: =表格1[[#This Row],[Unit Price]]/表格1[[#This Row],[SRP]] -> 0.29620853 | U159: =_xlfn.XLOOKUP(表格1[[#This Row],[Model]],表格3[Model-Input-Ref2],表格3[TOSHIBA/HIGHEST]) -> Toshiba SRP | V159: 110 | W159: =_xlfn.CONCAT(表格1[[#This Row],[欄4]],表格1[[#This Row],[inv no]]) -> 1104029668
A160: 158 | B160: Aeon | C160: TKO | D160: =OFFSET(Roster!$A$3,MATCH(表格1[[#This Row],[Location]]&" "&表格1[[#This Row],[Shop]]&"*",Roster!$A$4:$A$72,0),DAY(表格1[[#This Row],[date]]),1,1) -> Maggie Ho_1 | E160: =MONTH(表格1[[#This Row],[date]]) -> 3 | F160: 46096 | G160: =VLOOKUP("*"&表格1[[#This Row],[Input]]&"*",'Ref-List'!$B:$D,2,) -> RC-15ISTHK(W) | H160: =_xlfn.XLOOKUP(表格1[[#This Row],[Model]],表格3[Model-Input-Ref2],表格3[Product Line]) -> 磁應電飯煲(1.5公升) | I160: =_xlfn.XLOOKUP(表格1[[#This Row],[Model]],表格3[Model-Input-Ref2],表格3[大小電]) -> 細電 | J160: =_xlfn.XLOOKUP(表格1[[#This Row],[Model]],表格3[Model-Input-Ref2],表格3[Code]) -> SDA | K160: 15ist | L160: 1 | M160: 500 | N160: =IFERROR(表格1[[#This Row],[QTY]]*表格1[[#This Row],[Unit Price]],"-") -> 500 | O160: 4012249 | R160: =_xlfn.CONCAT(表格1[[#This Row],[Model]]," ",表格1[[#This Row],[inv no]]) -> RC-15ISTHK(W) 4012249 | S160: =_xlfn.XLOOKUP(表格1[[#This Row],[Model]],表格3[Model-Input-Ref2],表格3[SRP PRICE]) -> 1688 | T160: =表格1[[#This Row],[Unit Price]]/表格1[[#This Row],[SRP]] -> 0.29620853 | U160: =_xlfn.XLOOKUP(表格1[[#This Row],[Model]],表格3[Model-Input-Ref2],表格3[TOSHIBA/HIGHEST]) -> Toshiba SRP | V160: 110 | W160: =_xlfn.CONCAT(表格1[[#This Row],[欄4]],表格1[[#This Row],[inv no]]) -> 1104012249
A161: 159 | B161: Aeon | C161: TKO | D161: =OFFSET(Roster!$A$3,MATCH(表格1[[#This Row],[Location]]&" "&表格1[[#This Row],[Shop]]&"*",Roster!$A$4:$A$72,0),DAY(表格1[[#This Row],[date]]),1,1) -> Maggie Ho_1 | E161: =MONTH(表格1[[#This Row],[date]]) -> 3 | F161: 46096 | G161: =VLOOKUP("*"&表格1[[#This Row],[Input]]&"*",'Ref-List'!$B:$D,2,) -> ER-TD5000HK(XK) | H161: =_xlfn.XLOOKUP(表格1[[#This Row],[Model]],表格3[Model-Input-Ref2],表格3[Product Line]) -> 座檯式純蒸氣烤焗水波爐30L | I161: =_xlfn.XLOOKUP(表格1[[#This Row],[Model]],表格3[Model-Input-Ref2],表格3[大小電]) -> 細電 | J161: =_xlfn.XLOOKUP(表格1[[#This Row],[Model]],表格3[Model-Input-Ref2],表格3[Code]) -> SDA | K161: td5000 | L161: 1 | M161: 3588 | N161: =IFERROR(表格1[[#This Row],[QTY]]*表格1[[#This Row],[Unit Price]],"-") -> 3588 | O161: 4012235 | R161: =_xlfn.CONCAT(表格1[[#This Row],[Model]]," ",表格1[[#This Row],[inv no]]) -> ER-TD5000HK(XK) 4012235 | S161: =_xlfn.XLOOKUP(表格1[[#This Row],[Model]],表格3[Model-Input-Ref2],表格3[SRP PRICE]) -> 7998 | T161: =表格1[[#This Row],[Unit Price]]/表格1[[#This Row],[SRP]] -> 0.44861215 | U161: =_xlfn.XLOOKUP(表格1[[#This Row],[Model]],表格3[Model-Input-Ref2],表格3[TOSHIBA/HIGHEST]) -> Toshiba SRP | V161: 110 | W161: =_xlfn.CONCAT(表格1[[#This Row],[欄4]],表格1[[#This Row],[inv no]]) -> 1104012235
A162: 160 | B162: Aeon | C162: TKO | D162: =OFFSET(Roster!$A$3,MATCH(表格1[[#This Row],[Location]]&" "&表格1[[#This Row],[Shop]]&"*",Roster!$A$4:$A$72,0),DAY(表格1[[#This Row],[date]]),1,1) -> Maggie Ho_1 | E162: =MONTH(表格1[[#This Row],[date]]) -> 3 | F162: 46096 | G162: =VLOOKUP("*"&表格1[[#This Row],[Input]]&"*",'Ref-List'!$B:$D,2,) -> PLK-45SFIH(WT) | H162: =_xlfn.XLOOKUP(表格1[[#This Row],[Model]],表格3[Model-Input-Ref2],表格3[Product Line]) -> 電熱水瓶4.5L | I162: =_xlfn.XLOOKUP(表格1[[#This Row],[Model]],表格3[Model-Input-Ref2],表格3[大小電]) -> 細電 | J162: =_xlfn.XLOOKUP(表格1[[#This Row],[Model]],表格3[Model-Input-Ref2],表格3[Code]) -> SDA | K162: 45sf | L162: 1 | M162: 500 | N162: =IFERROR(表格1[[#This Row],[QTY]]*表格1[[#This Row],[Unit Price]],"-") -> 500 | O162: 4012179 | R162: =_xlfn.CONCAT(表格1[[#This Row],[Model]]," ",表格1[[#This Row],[inv no]]) -> PLK-45SFIH(WT) 4012179 | S162: =_xlfn.XLOOKUP(表格1[[#This Row],[Model]],表格3[Model-Input-Ref2],表格3[SRP PRICE]) -> 788 | T162: =表格1[[#This Row],[Unit Price]]/表格1[[#This Row],[SRP]] -> 0.63451777 | U162: =_xlfn.XLOOKUP(表格1[[#This Row],[Model]],表格3[Model-Input-Ref2],表格3[TOSHIBA/HIGHEST]) -> Toshiba SRP | V162: 110 | W162: =_xlfn.CONCAT(表格1[[#This Row],[欄4]],表格1[[#This Row],[inv no]]) -> 1104012179
A163: 161 | B163: Aeon | C163: TKO | D163: =OFFSET(Roster!$A$3,MATCH(表格1[[#This Row],[Location]]&" "&表格1[[#This Row],[Shop]]&"*",Roster!$A$4:$A$72,0),DAY(表格1[[#This Row],[date]]),1,1) -> Maggie Ho_1 | E163: =MONTH(表格1[[#This Row],[date]]) -> 3 | F163: 46096 | G163: =VLOOKUP("*"&表格1[[#This Row],[Input]]&"*",'Ref-List'!$B:$D,2,) -> RC-15ISTHK(W) | H163: =_xlfn.XLOOKUP(表格1[[#This Row],[Model]],表格3[Model-Input-Ref2],表格3[Product Line]) -> 磁應電飯煲(1.5公升) | I163: =_xlfn.XLOOKUP(表格1[[#This Row],[Model]],表格3[Model-Input-Ref2],表格3[大小電]) -> 細電 | J163: =_xlfn.XLOOKUP(表格1[[#This Row],[Model]],表格3[Model-Input-Ref2],表格3[Code]) -> SDA | K163: 15ist | L163: 1 | M163: 500 | N163: =IFERROR(表格1[[#This Row],[QTY]]*表格1[[#This Row],[Unit Price]],"-") -> 500 | O163: 4012286 | R163: =_xlfn.CONCAT(表格1[[#This Row],[Model]]," ",表格1[[#This Row],[inv no]]) -> RC-15ISTHK(W) 4012286 | S163: =_xlfn.XLOOKUP(表格1[[#This Row],[Model]],表格3[Model-Input-Ref2],表格3[SRP PRICE]) -> 1688 | T163: =表格1[[#This Row],[Unit Price]]/表格1[[#This Row],[SRP]] -> 0.29620853 | U163: =_xlfn.XLOOKUP(表格1[[#This Row],[Model]],表格3[Model-Input-Ref2],表格3[TOSHIBA/HIGHEST]) -> Toshiba SRP | V163: 110 | W163: =_xlfn.CONCAT(表格1[[#This Row],[欄4]],表格1[[#This Row],[inv no]]) -> 1104012286
A164: 162 | B164: Aeon | C164: TKO | D164: =OFFSET(Roster!$A$3,MATCH(表格1[[#This Row],[Location]]&" "&表格1[[#This Row],[Shop]]&"*",Roster!$A$4:$A$72,0),DAY(表格1[[#This Row],[date]]),1,1) -> Maggie Ho_1 | E164: =MONTH(表格1[[#This Row],[date]]) -> 3 | F164: 46096 | G164: =VLOOKUP("*"&表格1[[#This Row],[Input]]&"*",'Ref-List'!$B:$D,2,) -> AW-M901BPH(WW) | H164: =_xlfn.XLOOKUP(表格1[[#This Row],[Model]],表格3[Model-Input-Ref2],表格3[Product Line]) -> 全自動洗衣機 (8公斤 結合高低水位) | I164: =_xlfn.XLOOKUP(表格1[[#This Row],[Model]],表格3[Model-Input-Ref2],表格3[大小電]) -> 大電 | J164: =_xlfn.XLOOKUP(表格1[[#This Row],[Model]],表格3[Model-Input-Ref2],表格3[Code]) -> WM | K164: m901 | L164: 1 | M164: 1500 | N164: =IFERROR(表格1[[#This Row],[QTY]]*表格1[[#This Row],[Unit Price]],"-") -> 1500 | O164: 4029669 | R164: =_xlfn.CONCAT(表格1[[#This Row],[Model]]," ",表格1[[#This Row],[inv no]]) -> AW-M901BPH(WW) 4029669 | S164: =_xlfn.XLOOKUP(表格1[[#This Row],[Model]],表格3[Model-Input-Ref2],表格3[SRP PRICE]) -> 3580 | T164: =表格1[[#This Row],[Unit Price]]/表格1[[#This Row],[SRP]] -> 0.41899441 | U164: =_xlfn.XLOOKUP(表格1[[#This Row],[Model]],表格3[Model-Input-Ref2],表格3[TOSHIBA/HIGHEST]) -> Toshiba SRP | V164: 110 | W164: =_xlfn.CONCAT(表格1[[#This Row],[欄4]],表格1[[#This Row],[inv no]]) -> 1104029669
... A174: 172 | B174: Aeon | C174: Yau Tong | D174: =OFFSET(Roster!$A$3,MATCH(表格1[[#This Row],[Location]]&" "&表格1[[#This Row],[Shop]]&"*",Roster!$A$4:$A$72,0),DAY(表格1[[#This Row],[date]]),1,1) -> Pinky | E174: =MONTH(表格1[[#This Row],[date]]) -> 3 | F174: 46088 | G174: =VLOOKUP("*"&表格1[[#This Row],[Input]]&"*",'Ref-List'!$B:$D,2,) -> MW2-MM24PC(BK) | H174: =_xlfn.XLOOKUP(表格1[[#This Row],[Model]],表格3[Model-Input-Ref2],表格3[Product Line]) -> 旋鈕式微波爐24L | I174: =_xlfn.XLOOKUP(表格1[[#This Row],[Model]],表格3[Model-Input-Ref2],表格3[大小電]) -> 細電 | J174: =_xlfn.XLOOKUP(表格1[[#This Row],[Model]],表格3[Model-Input-Ref2],表格3[Code]) -> SDA | K174: mm24 | L174: 1 | M174: 500 | N174: =IFERROR(表格1[[#This Row],[QTY]]*表格1[[#This Row],[Unit Price]],"-") -> 500 | O174: 5926197 | R174: =_xlfn.CONCAT(表格1[[#This Row],[Model]]," ",表格1[[#This Row],[inv no]]) -> MW2-MM24PC(BK) 5926197 | S174: =_xlfn.XLOOKUP(表格1[[#This Row],[Model]],表格3[Model-Input-Ref2],表格3[SRP PRICE]) -> 848 | T174: =表格1[[#This Row],[Unit Price]]/表格1[[#This Row],[SRP]] -> 0.58962264 | U174: =_xlfn.XLOOKUP(表格1[[#This Row],[Model]],表格3[Model-Input-Ref2],表格3[TOSHIBA/HIGHEST]) -> Toshiba SRP | V174: 110 | W174: =_xlfn.CONCAT(表格1[[#This Row],[欄4]],表格1[[#This Row],[inv no]]) -> 1105926197
A175: 173 | B175: Aeon | C175: Yau Tong | D175: =OFFSET(Roster!$A$3,MATCH(表格1[[#This Row],[Location]]&" "&表格1[[#This Row],[Shop]]&"*",Roster!$A$4:$A$72,0),DAY(表格1[[#This Row],[date]]),1,1) -> Pinky | E175: =MONTH(表格1[[#This Row],[date]]) -> 3 | F175: 46095 | G175: =VLOOKUP("*"&表格1[[#This Row],[Input]]&"*",'Ref-List'!$B:$D,2,) -> ER-TD5000HK(XK) | H175: =_xlfn.XLOOKUP(表格1[[#This Row],[Model]],表格3[Model-Input-Ref2],表格3[Product Line]) -> 座檯式純蒸氣烤焗水波爐30L | I175: =_xlfn.XLOOKUP(表格1[[#This Row],[Model]],表格3[Model-Input-Ref2],表格3[大小電]) -> 細電 | J175: =_xlfn.XLOOKUP(表格1[[#This Row],[Model]],表格3[Model-Input-Ref2],表格3[Code]) -> SDA | K175: td5000 | L175: 1 | M175: 3588 | N175: =IFERROR(表格1[[#This Row],[QTY]]*表格1[[#This Row],[Unit Price]],"-") -> 3588 | R175: =_xlfn.CONCAT(表格1[[#This Row],[Model]]," ",表格1[[#This Row],[inv no]]) -> ER-TD5000HK(XK) | S175: =_xlfn.XLOOKUP(表格1[[#This Row],[Model]],表格3[Model-Input-Ref2],表格3[SRP PRICE]) -> 7998 | T175: =表格1[[#This Row],[Unit Price]]/表格1[[#This Row],[SRP]] -> 0.44861215 | U175: =_xlfn.XLOOKUP(表格1[[#This Row],[Model]],表格3[Model-Input-Ref2],表格3[TOSHIBA/HIGHEST]) -> Toshiba SRP | V175: 110 | W175: =_xlfn.CONCAT(表格1[[#This Row],[欄4]],表格1[[#This Row],[inv no]]) -> 110
A176: 174 | B176: Aeon | C176: Yau Tong | D176: =OFFSET(Roster!$A$3,MATCH(表格1[[#This Row],[Location]]&" "&表格1[[#This Row],[Shop]]&"*",Roster!$A$4:$A$72,0),DAY(表格1[[#This Row],[date]]),1,1) -> Pinky | E176: =MONTH(表格1[[#This Row],[date]]) -> 3 | F176: 46096 | G176: =VLOOKUP("*"&表格1[[#This Row],[Input]]&"*",'Ref-List'!$B:$D,2,) -> AW-M901BPH(WW) | H176: =_xlfn.XLOOKUP(表格1[[#This Row],[Model]],表格3[Model-Input-Ref2],表格3[Product Line]) -> 全自動洗衣機 (8公斤 結合高低水位) | I176: =_xlfn.XLOOKUP(表格1[[#This Row],[Model]],表格3[Model-Input-Ref2],表格3[大小電]) -> 大電 | J176: =_xlfn.XLOOKUP(表格1[[#This Row],[Model]],表格3[Model-Input-Ref2],表格3[Code]) -> WM | K176: m901 | L176: 1 | M176: 1500 | N176: =IFERROR(表格1[[#This Row],[QTY]]*表格1[[#This Row],[Unit Price]],"-") -> 1500 | O176: 5926109 | R176: =_xlfn.CONCAT(表格1[[#This Row],[Model]]," ",表格1[[#This Row],[inv no]]) -> AW-M901BPH(WW) 5926109 | S176: =_xlfn.XLOOKUP(表格1[[#This Row],[Model]],表格3[Model-Input-Ref2],表格3[SRP PRICE]) -> 3580 | T176: =表格1[[#This Row],[Unit Price]]/表格1[[#This Row],[SRP]] -> 0.41899441 | U176: =_xlfn.XLOOKUP(表格1[[#This Row],[Model]],表格3[Model-Input-Ref2],表格3[TOSHIBA/HIGHEST]) -> Toshiba SRP | V176: 110 | W176: =_xlfn.CONCAT(表格1[[#This Row],[欄4]],表格1[[#This Row],[inv no]]) -> 1105926109
A177: 175 | B177: Aeon | C177: Yau Tong | D177: =OFFSET(Roster!$A$3,MATCH(表格1[[#This Row],[Location]]&" "&表格1[[#This Row],[Shop]]&"*",Roster!$A$4:$A$72,0),DAY(表格1[[#This Row],[date]]),1,1) -> Pinky | E177: =MONTH(表格1[[#This Row],[date]]) -> 3 | F177: 46096 | G177: =VLOOKUP("*"&表格1[[#This Row],[Input]]&"*",'Ref-List'!$B:$D,2,) -> AW-M901BPH(WW) | H177: =_xlfn.XLOOKUP(表格1[[#This Row],[Model]],表格3[Model-Input-Ref2],表格3[Product Line]) -> 全自動洗衣機 (8公斤 結合高低水位) | I177: =_xlfn.XLOOKUP(表格1[[#This Row],[Model]],表格3[Model-Input-Ref2],表格3[大小電]) -> 大電 | J177: =_xlfn.XLOOKUP(表格1[[#This Row],[Model]],表格3[Model-Input-Ref2],表格3[Code]) -> WM | K177: m901 | L177: 1 | M177: 1500 | N177: =IFERROR(表格1[[#This Row],[QTY]]*表格1[[#This Row],[Unit Price]],"-") -> 1500 | R177: =_xlfn.CONCAT(表格1[[#This Row],[Model]]," ",表格1[[#This Row],[inv no]]) -> AW-M901BPH(WW) | S177: =_xlfn.XLOOKUP(表格1[[#This Row],[Model]],表格3[Model-Input-Ref2],表格3[SRP PRICE]) -> 3580 | T177: =表格1[[#This Row],[Unit Price]]/表格1[[#This Row],[SRP]] -> 0.41899441 | U177: =_xlfn.XLOOKUP(表格1[[#This Row],[Model]],表格3[Model-Input-Ref2],表格3[TOSHIBA/HIGHEST]) -> Toshiba SRP | V177: 110 | W177: =_xlfn.CONCAT(表格1[[#This Row],[欄4]],表格1[[#This Row],[inv no]]) -> 110
A178: 176 | B178: Aeon | C178: Yau Tong | D178: =OFFSET(Roster!$A$3,MATCH(表格1[[#This Row],[Location]]&" "&表格1[[#This Row],[Shop]]&"*",Roster!$A$4:$A$72,0),DAY(表格1[[#This Row],[date]]),1,1) -> Pinky | E178: =MONTH(表格1[[#This Row],[date]]) -> 3 | F178: 46096 | G178: =VLOOKUP("*"&表格1[[#This Row],[Input]]&"*",'Ref-List'!$B:$D,2,) -> PLK-45SFIH(WT) | H178: =_xlfn.XLOOKUP(表格1[[#This Row],[Model]],表格3[Model-Input-Ref2],表格3[Product Line]) -> 電熱水瓶4.5L | I178: =_xlfn.XLOOKUP(表格1[[#This Row],[Model]],表格3[Model-Input-Ref2],表格3[大小電]) -> 細電 | J178: =_xlfn.XLOOKUP(表格1[[#This Row],[Model]],表格3[Model-Input-Ref2],表格3[Code]) -> SDA | K178: 45sf | L178: 1 | M178: 500 | N178: =IFERROR(表格1[[#This Row],[QTY]]*表格1[[#This Row],[Unit Price]],"-") -> 500 | R178: =_xlfn.CONCAT(表格1[[#This Row],[Model]]," ",表格1[[#This Row],[inv no]]) -> PLK-45SFIH(WT) | S178: =_xlfn.XLOOKUP(表格1[[#This Row],[Model]],表格3[Model-Input-Ref2],表格3[SRP PRICE]) -> 788 | T178: =表格1[[#This Row],[Unit Price]]/表格1[[#This Row],[SRP]] -> 0.63451777 | U178: =_xlfn.XLOOKUP(表格1[[#This Row],[Model]],表格3[Model-Input-Ref2],表格3[TOSHIBA/HIGHEST]) -> Toshiba SRP | V178: 110 | W178: =_xlfn.CONCAT(表格1[[#This Row],[欄4]],表格1[[#This Row],[inv no]]) -> 110
A179: 177 | B179: Aeon | C179: Megabox | D179: =OFFSET(Roster!$A$3,MATCH(表格1[[#This Row],[Location]]&" "&表格1[[#This Row],[Shop]]&"*",Roster!$A$4:$A$72,0),DAY(表格1[[#This Row],[date]]),1,1) -> Me | E179: =MONTH(表格1[[#This Row],[date]]) -> 3 | F179: 46082 | G179: =VLOOKUP("*"&表格1[[#This Row],[Input]]&"*",'Ref-List'!$B:$D,2,) -> IC-21TSHK | H179: =_xlfn.XLOOKUP(表格1[[#This Row],[Model]],表格3[Model-Input-Ref2],表格3[Product Line]) -> Induction Cooker | I179: =_xlfn.XLOOKUP(表格1[[#This Row],[Model]],表格3[Model-Input-Ref2],表格3[大小電]) -> 細電 | J179: =_xlfn.XLOOKUP(表格1[[#This Row],[Model]],表格3[Model-Input-Ref2],表格3[Code]) -> SDA | K179: 21ts | L179: 1 | M179: 500 | N179: =IFERROR(表格1[[#This Row],[QTY]]*表格1[[#This Row],[Unit Price]],"-") -> 500 | O179: 7017032 | R179: =_xlfn.CONCAT(表格1[[#This Row],[Model]]," ",表格1[[#This Row],[inv no]]) -> IC-21TSHK 7017032 | S179: =_xlfn.XLOOKUP(表格1[[#This Row],[Model]],表格3[Model-Input-Ref2],表格3[SRP PRICE]) -> 998 | T179: =表格1[[#This Row],[Unit Price]]/表格1[[#This Row],[SRP]] -> 0.501002 | U179: =_xlfn.XLOOKUP(表格1[[#This Row],[Model]],表格3[Model-Input-Ref2],表格3[TOSHIBA/HIGHEST]) -> web SRP | V179: 110 | W179: =_xlfn.CONCAT(表格1[[#This Row],[欄4]],表格1[[#This Row],[inv no]]) -> 1107017032
A180: 178 | B180: Aeon | C180: Megabox | D180: =OFFSET(Roster!$A$3,MATCH(表格1[[#This Row],[Location]]&" "&表格1[[#This Row],[Shop]]&"*",Roster!$A$4:$A$72,0),DAY(表格1[[#This Row],[date]]),1,1) -> Me | E180: =MONTH(表格1[[#This Row],[date]]) -> 3 | F180: 46082 | G180: =VLOOKUP("*"&表格1[[#This Row],[Input]]&"*",'Ref-List'!$B:$D,2,) -> IC-21TSHK | H180: =_xlfn.XLOOKUP(表格1[[#This Row],[Model]],表格3[Model-Input-Ref2],表格3[Product Line]) -> Induction Cooker | I180: =_xlfn.XLOOKUP(表格1[[#This Row],[Model]],表格3[Model-Input-Ref2],表格3[大小電]) -> 細電 | J180: =_xlfn.XLOOKUP(表格1[[#This Row],[Model]],表格3[Model-Input-Ref2],表格3[Code]) -> SDA | K180: 21ts | L180: 1 | M180: 500 | N180: =IFERROR(表格1[[#This Row],[QTY]]*表格1[[#This Row],[Unit Price]],"-") -> 500 | O180: 7065365 | R180: =_xlfn.CONCAT(表格1[[#This Row],[Model]]," ",表格1[[#This Row],[inv no]]) -> IC-21TSHK 7065365 | S180: =_xlfn.XLOOKUP(表格1[[#This Row],[Model]],表格3[Model-Input-Ref2],表格3[SRP PRICE]) -> 998 | T180: =表格1[[#This Row],[Unit Price]]/表格1[[#This Row],[SRP]] -> 0.501002 | U180: =_xlfn.XLOOKUP(表格1[[#This Row],[Model]],表格3[Model-Input-Ref2],表格3[TOSHIBA/HIGHEST]) -> web SRP | V180: 110 | W180: =_xlfn.CONCAT(表格1[[#This Row],[欄4]],表格1[[#This Row],[inv no]]) -> 1107065365
A181: 179 | B181: Aeon | C181: Megabox | D181: =OFFSET(Roster!$A$3,MATCH(表格1[[#This Row],[Location]]&" "&表格1[[#This Row],[Shop]]&"*",Roster!$A$4:$A$72,0),DAY(表格1[[#This Row],[date]]),1,1) -> Me | E181: =MONTH(表格1[[#This Row],[date]]) -> 3 | F181: 46082 | G181: =VLOOKUP("*"&表格1[[#This Row],[Input]]&"*",'Ref-List'!$B:$D,2,) -> IC-21TSHK | H181: =_xlfn.XLOOKUP(表格1[[#This Row],[Model]],表格3[Model-Input-Ref2],表格3[Product Line]) -> Induction Cooker | I181: =_xlfn.XLOOKUP(表格1[[#This Row],[Model]],表格3[Model-Input-Ref2],表格3[大小電]) -> 細電 | J181: =_xlfn.XLOOKUP(表格1[[#This Row],[Model]],表格3[Model-Input-Ref2],表格3[Code]) -> SDA | K181: 21ts | L181: 1 | M181: 500 | N181: =IFERROR(表格1[[#This Row],[QTY]]*表格1[[#This Row],[Unit Price]],"-") -> 500 | O181: 7027051 | R181: =_xlfn.CONCAT(表格1[[#This Row],[Model]]," ",表格1[[#This Row],[inv no]]) -> IC-21TSHK 7027051 | S181: =_xlfn.XLOOKUP(表格1[[#This Row],[Model]],表格3[Model-Input-Ref2],表格3[SRP PRICE]) -> 998 | T181: =表格1[[#This Row],[Unit Price]]/表格1[[#This Row],[SRP]] -> 0.501002 | U181: =_xlfn.XLOOKUP(表格1[[#This Row],[Model]],表格3[Model-Input-Ref2],表格3[TOSHIBA/HIGHEST]) -> web SRP | V181: 110 | W181: =_xlfn.CONCAT(表格1[[#This Row],[欄4]],表格1[[#This Row],[inv no]]) -> 1107027051
A182: 180 | B182: Aeon | C182: Megabox | D182: =OFFSET(Roster!$A$3,MATCH(表格1[[#This Row],[Location]]&" "&表格1[[#This Row],[Shop]]&"*",Roster!$A$4:$A$72,0),DAY(表格1[[#This Row],[date]]),1,1) -> Me | E182: =MONTH(表格1[[#This Row],[date]]) -> 3 | F182: 46082 | G182: =VLOOKUP("*"&表格1[[#This Row],[Input]]&"*",'Ref-List'!$B:$D,2,) -> MW2-MM24PC(BK) | H182: =_xlfn.XLOOKUP(表格1[[#This Row],[Model]],表格3[Model-Input-Ref2],表格3[Product Line]) -> 旋鈕式微波爐24L | I182: =_xlfn.XLOOKUP(表格1[[#This Row],[Model]],表格3[Model-Input-Ref2],表格3[大小電]) -> 細電 | J182: =_xlfn.XLOOKUP(表格1[[#This Row],[Model]],表格3[Model-Input-Ref2],表格3[Code]) -> SDA | K182: mm24 | L182: 1 | M182: 500 | N182: =IFERROR(表格1[[#This Row],[QTY]]*表格1[[#This Row],[Unit Price]],"-") -> 500 | O182: 7026898 | R182: =_xlfn.CONCAT(表格1[[#This Row],[Model]]," ",表格1[[#This Row],[inv no]]) -> MW2-MM24PC(BK) 7026898 | S182: =_xlfn.XLOOKUP(表格1[[#This Row],[Model]],表格3[Model-Input-Ref2],表格3[SRP PRICE]) -> 848 | T182: =表格1[[#This Row],[Unit Price]]/表格1[[#This Row],[SRP]] -> 0.58962264 | U182: =_xlfn.XLOOKUP(表格1[[#This Row],[Model]],表格3[Model-Input-Ref2],表格3[TOSHIBA/HIGHEST]) -> Toshiba SRP | V182: 110 | W182: =_xlfn.CONCAT(表格1[[#This Row],[欄4]],表格1[[#This Row],[inv no]]) -> 1107026898
A183: 181 | B183: Aeon | C183: Megabox | D183: =OFFSET(Roster!$A$3,MATCH(表格1[[#This Row],[Location]]&" "&表格1[[#This Row],[Shop]]&"*",Roster!$A$4:$A$72,0),DAY(表格1[[#This Row],[date]]),1,1) -> Me | E183: =MONTH(表格1[[#This Row],[date]]) -> 3 | F183: 46082 | G183: =VLOOKUP("*"&表格1[[#This Row],[Input]]&"*",'Ref-List'!$B:$D,2,) -> PLK-45SFIH(WT) | H183: =_xlfn.XLOOKUP(表格1[[#This Row],[Model]],表格3[Model-Input-Ref2],表格3[Product Line]) -> 電熱水瓶4.5L | I183: =_xlfn.XLOOKUP(表格1[[#This Row],[Model]],表格3[Model-Input-Ref2],表格3[大小電]) -> 細電 | J183: =_xlfn.XLOOKUP(表格1[[#This Row],[Model]],表格3[Model-Input-Ref2],表格3[Code]) -> SDA | K183: 45sf | L183: 1 | M183: 500 | N183: =IFERROR(表格1[[#This Row],[QTY]]*表格1[[#This Row],[Unit Price]],"-") -> 500 | O183: 7017070 | R183: =_xlfn.CONCAT(表格1[[#This Row],[Model]]," ",表格1[[#This Row],[inv no]]) -> PLK-45SFIH(WT) 7017070 | S183: =_xlfn.XLOOKUP(表格1[[#This Row],[Model]],表格3[Model-Input-Ref2],表格3[SRP PRICE]) -> 788 | T183: =表格1[[#This Row],[Unit Price]]/表格1[[#This Row],[SRP]] -> 0.63451777 | U183: =_xlfn.XLOOKUP(表格1[[#This Row],[Model]],表格3[Model-Input-Ref2],表格3[TOSHIBA/HIGHEST]) -> Toshiba SRP | V183: 110 | W183: =_xlfn.CONCAT(表格1[[#This Row],[欄4]],表格1[[#This Row],[inv no]]) -> 1107017070
A184: 182 | B184: Aeon | C184: Megabox | D184: =OFFSET(Roster!$A$3,MATCH(表格1[[#This Row],[Location]]&" "&表格1[[#This Row],[Shop]]&"*",Roster!$A$4:$A$72,0),DAY(表格1[[#This Row],[date]]),1,1) -> Me | E184: =MONTH(表格1[[#This Row],[date]]) -> 3 | F184: 46082 | G184: =VLOOKUP("*"&表格1[[#This Row],[Input]]&"*",'Ref-List'!$B:$D,2,) -> RC-15ISTHK(W) | H184: =_xlfn.XLOOKUP(表格1[[#This Row],[Model]],表格3[Model-Input-Ref2],表格3[Product Line]) -> 磁應電飯煲(1.5公升) | I184: =_xlfn.XLOOKUP(表格1[[#This Row],[Model]],表格3[Model-Input-Ref2],表格3[大小電]) -> 細電 | J184: =_xlfn.XLOOKUP(表格1[[#This Row],[Model]],表格3[Model-Input-Ref2],表格3[Code]) -> SDA | K184: 15ist | L184: 1 | M184: 500 | N184: =IFERROR(表格1[[#This Row],[QTY]]*表格1[[#This Row],[Unit Price]],"-") -> 500 | O184: 7026842 | R184: =_xlfn.CONCAT(表格1[[#This Row],[Model]]," ",表格1[[#This Row],[inv no]]) -> RC-15ISTHK(W) 7026842 | S184: =_xlfn.XLOOKUP(表格1[[#This Row],[Model]],表格3[Model-Input-Ref2],表格3[SRP PRICE]) -> 1688 | T184: =表格1[[#This Row],[Unit Price]]/表格1[[#This Row],[SRP]] -> 0.29620853 | U184: =_xlfn.XLOOKUP(表格1[[#This Row],[Model]],表格3[Model-Input-Ref2],表格3[TOSHIBA/HIGHEST]) -> Toshiba SRP | V184: 110 | W184: =_xlfn.CONCAT(表格1[[#This Row],[欄4]],表格1[[#This Row],[inv no]]) -> 1107026842
A185: 183 | B185: Aeon | C185: Megabox | D185: =OFFSET(Roster!$A$3,MATCH(表格1[[#This Row],[Location]]&" "&表格1[[#This Row],[Shop]]&"*",Roster!$A$4:$A$72,0),DAY(表格1[[#This Row],[date]]),1,1) -> Me | E185: =MONTH(表格1[[#This Row],[date]]) -> 3 | F185: 46082 | G185: =VLOOKUP("*"&表格1[[#This Row],[Input]]&"*",'Ref-List'!$B:$D,2,) -> RC-15ISTHK(W) | H185: =_xlfn.XLOOKUP(表格1[[#This Row],[Model]],表格3[Model-Input-Ref2],表格3[Product Line]) -> 磁應電飯煲(1.5公升) | I185: =_xlfn.XLOOKUP(表格1[[#This Row],[Model]],表格3[Model-Input-Ref2],表格3[大小電]) -> 細電 | J185: =_xlfn.XLOOKUP(表格1[[#This Row],[Model]],表格3[Model-Input-Ref2],表格3[Code]) -> SDA | K185: 15ist | L185: 1 | M185: 500 | N185: =IFERROR(表格1[[#This Row],[QTY]]*表格1[[#This Row],[Unit Price]],"-") -> 500 | O185: 7026867 | R185: =_xlfn.CONCAT(表格1[[#This Row],[Model]]," ",表格1[[#This Row],[inv no]]) -> RC-15ISTHK(W) 7026867 | S185: =_xlfn.XLOOKUP(表格1[[#This Row],[Model]],表格3[Model-Input-Ref2],表格3[SRP PRICE]) -> 1688 | T185: =表格1[[#This Row],[Unit Price]]/表格1[[#This Row],[SRP]] -> 0.29620853 | U185: =_xlfn.XLOOKUP(表格1[[#This Row],[Model]],表格3[Model-Input-Ref2],表格3[TOSHIBA/HIGHEST]) -> Toshiba SRP | V185: 110 | W185: =_xlfn.CONCAT(表格1[[#This Row],[欄4]],表格1[[#This Row],[inv no]]) -> 1107026867
A186: 184 | B186: Aeon | C186: Megabox | D186: =OFFSET(Roster!$A$3,MATCH(表格1[[#This Row],[Location]]&" "&表格1[[#This Row],[Shop]]&"*",Roster!$A$4:$A$72,0),DAY(表格1[[#This Row],[date]]),1,1) -> Me | E186: =MONTH(表格1[[#This Row],[date]]) -> 3 | F186: 46082 | G186: =VLOOKUP("*"&表格1[[#This Row],[Input]]&"*",'Ref-List'!$B:$D,2,) -> RC-15ISTHK(W) | H186: =_xlfn.XLOOKUP(表格1[[#This Row],[Model]],表格3[Model-Input-Ref2],表格3[Product Line]) -> 磁應電飯煲(1.5公升) | I186: =_xlfn.XLOOKUP(表格1[[#This Row],[Model]],表格3[Model-Input-Ref2],表格3[大小電]) -> 細電 | J186: =_xlfn.XLOOKUP(表格1[[#This Row],[Model]],表格3[Model-Input-Ref2],表格3[Code]) -> SDA | K186: 15ist | L186: 1 | M186: 500 | N186: =IFERROR(表格1[[#This Row],[QTY]]*表格1[[#This Row],[Unit Price]],"-") -> 500 | O186: 7017029 | R186: =_xlfn.CONCAT(表格1[[#This Row],[Model]]," ",表格1[[#This Row],[inv no]]) -> RC-15ISTHK(W) 7017029 | S186: =_xlfn.XLOOKUP(表格1[[#This Row],[Model]],表格3[Model-Input-Ref2],表格3[SRP PRICE]) -> 1688 | T186: =表格1[[#This Row],[Unit Price]]/表格1[[#This Row],[SRP]] -> 0.29620853 | U186: =_xlfn.XLOOKUP(表格1[[#This Row],[Model]],表格3[Model-Input-Ref2],表格3[TOSHIBA/HIGHEST]) -> Toshiba SRP | V186: 110 | W186: =_xlfn.CONCAT(表格1[[#This Row],[欄4]],表格1[[#This Row],[inv no]]) -> 1107017029
A187: 185 | B187: Aeon | C187: Megabox | D187: =OFFSET(Roster!$A$3,MATCH(表格1[[#This Row],[Location]]&" "&表格1[[#This Row],[Shop]]&"*",Roster!$A$4:$A$72,0),DAY(表格1[[#This Row],[date]]),1,1) -> Me | E187: =MONTH(表格1[[#This Row],[date]]) -> 3 | F187: 46082 | G187: =VLOOKUP("*"&表格1[[#This Row],[Input]]&"*",'Ref-List'!$B:$D,2,) -> RC-15ISTHK(W) | H187: =_xlfn.XLOOKUP(表格1[[#This Row],[Model]],表格3[Model-Input-Ref2],表格3[Product Line]) -> 磁應電飯煲(1.5公升) | I187: =_xlfn.XLOOKUP(表格1[[#This Row],[Model]],表格3[Model-Input-Ref2],表格3[大小電]) -> 細電 | J187: =_xlfn.XLOOKUP(表格1[[#This Row],[Model]],表格3[Model-Input-Ref2],表格3[Code]) -> SDA | K187: 15ist | L187: 1 | M187: 500 | N187: =IFERROR(表格1[[#This Row],[QTY]]*表格1[[#This Row],[Unit Price]],"-") -> 500 | O187: 7065321 | R187: =_xlfn.CONCAT(表格1[[#This Row],[Model]]," ",表格1[[#This Row],[inv no]]) -> RC-15ISTHK(W) 7065321 | S187: =_xlfn.XLOOKUP(表格1[[#This Row],[Model]],表格3[Model-Input-Ref2],表格3[SRP PRICE]) -> 1688 | T187: =表格1[[#This Row],[Unit Price]]/表格1[[#This Row],[SRP]] -> 0.29620853 | U187: =_xlfn.XLOOKUP(表格1[[#This Row],[Model]],表格3[Model-Input-Ref2],表格3[TOSHIBA/HIGHEST]) -> Toshiba SRP | V187: 110 | W187: =_xlfn.CONCAT(表格1[[#This Row],[欄4]],表格1[[#This Row],[inv no]]) -> 1107065321
A188: 186 | B188: Aeon | C188: Megabox | D188: =OFFSET(Roster!$A$3,MATCH(表格1[[#This Row],[Location]]&" "&表格1[[#This Row],[Shop]]&"*",Roster!$A$4:$A$72,0),DAY(表格1[[#This Row],[date]]),1,1) -> Me | E188: =MONTH(表格1[[#This Row],[date]]) -> 3 | F188: 46082 | G188: =VLOOKUP("*"&表格1[[#This Row],[Input]]&"*",'Ref-List'!$B:$D,2,) -> RC-15ISTHK(W) | H188: =_xlfn.XLOOKUP(表格1[[#This Row],[Model]],表格3[Model-Input-Ref2],表格3[Product Line]) -> 磁應電飯煲(1.5公升) | I188: =_xlfn.XLOOKUP(表格1[[#This Row],[Model]],表格3[Model-Input-Ref2],表格3[大小電]) -> 細電 | J188: =_xlfn.XLOOKUP(表格1[[#This Row],[Model]],表格3[Model-Input-Ref2],表格3[Code]) -> SDA | K188: 15ist | L188: 1 | M188: 500 | N188: =IFERROR(表格1[[#This Row],[QTY]]*表格1[[#This Row],[Unit Price]],"-") -> 500 | O188: 7026918 | R188: =_xlfn.CONCAT(表格1[[#This Row],[Model]]," ",表格1[[#This Row],[inv no]]) -> RC-15ISTHK(W) 7026918 | S188: =_xlfn.XLOOKUP(表格1[[#This Row],[Model]],表格3[Model-Input-Ref2],表格3[SRP PRICE]) -> 1688 | T188: =表格1[[#This Row],[Unit Price]]/表格1[[#This Row],[SRP]] -> 0.29620853 | U188: =_xlfn.XLOOKUP(表格1[[#This Row],[Model]],表格3[Model-Input-Ref2],表格3[TOSHIBA/HIGHEST]) -> Toshiba SRP | V188: 110 | W188: =_xlfn.CONCAT(表格1[[#This Row],[欄4]],表格1[[#This Row],[inv no]]) -> 1107026918
A189: 187 | B189: Aeon | C189: Megabox | D189: =OFFSET(Roster!$A$3,MATCH(表格1[[#This Row],[Location]]&" "&表格1[[#This Row],[Shop]]&"*",Roster!$A$4:$A$72,0),DAY(表格1[[#This Row],[date]]),1,1) -> Me | E189: =MONTH(表格1[[#This Row],[date]]) -> 3 | F189: 46082 | G189: =VLOOKUP("*"&表格1[[#This Row],[Input]]&"*",'Ref-List'!$B:$D,2,) -> RC-15ISTHK(W) | H189: =_xlfn.XLOOKUP(表格1[[#This Row],[Model]],表格3[Model-Input-Ref2],表格3[Product Line]) -> 磁應電飯煲(1.5公升) | I189: =_xlfn.XLOOKUP(表格1[[#This Row],[Model]],表格3[Model-Input-Ref2],表格3[大小電]) -> 細電 | J189: =_xlfn.XLOOKUP(表格1[[#This Row],[Model]],表格3[Model-Input-Ref2],表格3[Code]) -> SDA | K189: 15ist | L189: 1 | M189: 500 | N189: =IFERROR(表格1[[#This Row],[QTY]]*表格1[[#This Row],[Unit Price]],"-") -> 500 | O189: 7017019 | R189: =_xlfn.CONCAT(表格1[[#This Row],[Model]]," ",表格1[[#This Row],[inv no]]) -> RC-15ISTHK(W) 7017019 | S189: =_xlfn.XLOOKUP(表格1[[#This Row],[Model]],表格3[Model-Input-Ref2],表格3[SRP PRICE]) -> 1688 | T189: =表格1[[#This Row],[Unit Price]]/表格1[[#This Row],[SRP]] -> 0.29620853 | U189: =_xlfn.XLOOKUP(表格1[[#This Row],[Model]],表格3[Model-Input-Ref2],表格3[TOSHIBA/HIGHEST]) -> Toshiba SRP | V189: 110 | W189: =_xlfn.CONCAT(表格1[[#This Row],[欄4]],表格1[[#This Row],[inv no]]) -> 1107017019
A190: 188 | B190: Aeon | C190: Megabox | D190: =OFFSET(Roster!$A$3,MATCH(表格1[[#This Row],[Location]]&" "&表格1[[#This Row],[Shop]]&"*",Roster!$A$4:$A$72,0),DAY(表格1[[#This Row],[date]]),1,1) -> Me | E190: =MONTH(表格1[[#This Row],[date]]) -> 3 | F190: 46082 | G190: =VLOOKUP("*"&表格1[[#This Row],[Input]]&"*",'Ref-List'!$B:$D,2,) -> RC-15ISTHK(W) | H190: =_xlfn.XLOOKUP(表格1[[#This Row],[Model]],表格3[Model-Input-Ref2],表格3[Product Line]) -> 磁應電飯煲(1.5公升) | I190: =_xlfn.XLOOKUP(表格1[[#This Row],[Model]],表格3[Model-Input-Ref2],表格3[大小電]) -> 細電 | J190: =_xlfn.XLOOKUP(表格1[[#This Row],[Model]],表格3[Model-Input-Ref2],表格3[Code]) -> SDA | K190: 15ist | L190: 1 | M190: 500 | N190: =IFERROR(表格1[[#This Row],[QTY]]*表格1[[#This Row],[Unit Price]],"-") -> 500 | O190: 7016994 | R190: =_xlfn.CONCAT(表格1[[#This Row],[Model]]," ",表格1[[#This Row],[inv no]]) -> RC-15ISTHK(W) 7016994 | S190: =_xlfn.XLOOKUP(表格1[[#This Row],[Model]],表格3[Model-Input-Ref2],表格3[SRP PRICE]) -> 1688 | T190: =表格1[[#This Row],[Unit Price]]/表格1[[#This Row],[SRP]] -> 0.29620853 | U190: =_xlfn.XLOOKUP(表格1[[#This Row],[Model]],表格3[Model-Input-Ref2],表格3[TOSHIBA/HIGHEST]) -> Toshiba SRP | V190: 110 | W190: =_xlfn.CONCAT(表格1[[#This Row],[欄4]],表格1[[#This Row],[inv no]]) -> 1107016994
... A223: 221 | B223: Aeon | C223: Megabox | D223: =OFFSET(Roster!$A$3,MATCH(表格1[[#This Row],[Location]]&" "&表格1[[#This Row],[Shop]]&"*",Roster!$A$4:$A$72,0),DAY(表格1[[#This Row],[date]]),1,1) -> Me | E223: =MONTH(表格1[[#This Row],[date]]) -> 3 | F223: 46082 | G223: =VLOOKUP("*"&表格1[[#This Row],[Input]]&"*",'Ref-List'!$B:$D,2,) -> GR-RT416WE-PMA(06) | H223: =_xlfn.XLOOKUP(表格1[[#This Row],[Model]],表格3[Model-Input-Ref2],表格3[Product Line]) -> 變頻上置式雙門雪櫃313L | I223: =_xlfn.XLOOKUP(表格1[[#This Row],[Model]],表格3[Model-Input-Ref2],表格3[大小電]) -> 大電 | J223: =_xlfn.XLOOKUP(表格1[[#This Row],[Model]],表格3[Model-Input-Ref2],表格3[Code]) -> REF | K223: rt416 | L223: 1 | M223: 2888 | N223: =IFERROR(表格1[[#This Row],[QTY]]*表格1[[#This Row],[Unit Price]],"-") -> 2888 | O223: 7017102 | R223: =_xlfn.CONCAT(表格1[[#This Row],[Model]]," ",表格1[[#This Row],[inv no]]) -> GR-RT416WE-PMA(06) 7017102 | S223: =_xlfn.XLOOKUP(表格1[[#This Row],[Model]],表格3[Model-Input-Ref2],表格3[SRP PRICE]) -> 5380 | T223: =表格1[[#This Row],[Unit Price]]/表格1[[#This Row],[SRP]] -> 0.53680297 | U223: =_xlfn.XLOOKUP(表格1[[#This Row],[Model]],表格3[Model-Input-Ref2],表格3[TOSHIBA/HIGHEST]) -> Toshiba SRP | V223: 110 | W223: =_xlfn.CONCAT(表格1[[#This Row],[欄4]],表格1[[#This Row],[inv no]]) -> 1107017102
A224: 222 | B224: Aeon | C224: Megabox | D224: =OFFSET(Roster!$A$3,MATCH(表格1[[#This Row],[Location]]&" "&表格1[[#This Row],[Shop]]&"*",Roster!$A$4:$A$72,0),DAY(表格1[[#This Row],[date]]),1,1) -> Me | E224: =MONTH(表格1[[#This Row],[date]]) -> 3 | F224: 46082 | G224: =VLOOKUP("*"&表格1[[#This Row],[Input]]&"*",'Ref-List'!$B:$D,2,) -> CWF-09CRFN8-AD5 | H224: =_xlfn.XLOOKUP(表格1[[#This Row],[Model]],表格3[Model-Input-Ref2],表格3[Product Line]) -> Comfee 1匹變頻窗口式冷氣機 | I224: =_xlfn.XLOOKUP(表格1[[#This Row],[Model]],表格3[Model-Input-Ref2],表格3[大小電]) -> 大電 | J224: =_xlfn.XLOOKUP(表格1[[#This Row],[Model]],表格3[Model-Input-Ref2],表格3[Code]) -> RAC | K224: 09crf | L224: 1 | M224: 3588 | N224: =IFERROR(表格1[[#This Row],[QTY]]*表格1[[#This Row],[Unit Price]],"-") -> 3588 | O224: 7026972 | P224: $3288>$3588 | R224: =_xlfn.CONCAT(表格1[[#This Row],[Model]]," ",表格1[[#This Row],[inv no]]) -> CWF-09CRFN8-AD5 7026972 | S224: =_xlfn.XLOOKUP(表格1[[#This Row],[Model]],表格3[Model-Input-Ref2],表格3[SRP PRICE]) -> 4600 | T224: =表格1[[#This Row],[Unit Price]]/表格1[[#This Row],[SRP]] -> 0.78 | U224: =_xlfn.XLOOKUP(表格1[[#This Row],[Model]],表格3[Model-Input-Ref2],表格3[TOSHIBA/HIGHEST]) -> Shops Highest Price | V224: 110 | W224: =_xlfn.CONCAT(表格1[[#This Row],[欄4]],表格1[[#This Row],[inv no]]) -> 1107026972
A225: 223 | B225: Aeon | C225: Megabox | D225: =OFFSET(Roster!$A$3,MATCH(表格1[[#This Row],[Location]]&" "&表格1[[#This Row],[Shop]]&"*",Roster!$A$4:$A$72,0),DAY(表格1[[#This Row],[date]]),1,1) -> Me | E225: =MONTH(表格1[[#This Row],[date]]) -> 3 | F225: 46082 | G225: =VLOOKUP("*"&表格1[[#This Row],[Input]]&"*",'Ref-List'!$B:$D,2,) -> CWF-09CRFN8-AD5 | H225: =_xlfn.XLOOKUP(表格1[[#This Row],[Model]],表格3[Model-Input-Ref2],表格3[Product Line]) -> Comfee 1匹變頻窗口式冷氣機 | I225: =_xlfn.XLOOKUP(表格1[[#This Row],[Model]],表格3[Model-Input-Ref2],表格3[大小電]) -> 大電 | J225: =_xlfn.XLOOKUP(表格1[[#This Row],[Model]],表格3[Model-Input-Ref2],表格3[Code]) -> RAC | K225: 09crf | L225: 1 | M225: 3588 | N225: =IFERROR(表格1[[#This Row],[QTY]]*表格1[[#This Row],[Unit Price]],"-") -> 3588 | O225: 7026975 | P225: $3288>$3588 | R225: =_xlfn.CONCAT(表格1[[#This Row],[Model]]," ",表格1[[#This Row],[inv no]]) -> CWF-09CRFN8-AD5 7026975 | S225: =_xlfn.XLOOKUP(表格1[[#This Row],[Model]],表格3[Model-Input-Ref2],表格3[SRP PRICE]) -> 4600 | T225: =表格1[[#This Row],[Unit Price]]/表格1[[#This Row],[SRP]] -> 0.78 | U225: =_xlfn.XLOOKUP(表格1[[#This Row],[Model]],表格3[Model-Input-Ref2],表格3[TOSHIBA/HIGHEST]) -> Shops Highest Price | V225: 110 | W225: =_xlfn.CONCAT(表格1[[#This Row],[欄4]],表格1[[#This Row],[inv no]]) -> 1107026975
A226: 224 | B226: Aeon | C226: Megabox | D226: =OFFSET(Roster!$A$3,MATCH(表格1[[#This Row],[Location]]&" "&表格1[[#This Row],[Shop]]&"*",Roster!$A$4:$A$72,0),DAY(表格1[[#This Row],[date]]),1,1) -> Me | E226: =MONTH(表格1[[#This Row],[date]]) -> 3 | F226: 46082 | G226: =VLOOKUP("*"&表格1[[#This Row],[Input]]&"*",'Ref-List'!$B:$D,2,) -> ER-TD5000HK(XK) | H226: =_xlfn.XLOOKUP(表格1[[#This Row],[Model]],表格3[Model-Input-Ref2],表格3[Product Line]) -> 座檯式純蒸氣烤焗水波爐30L | I226: =_xlfn.XLOOKUP(表格1[[#This Row],[Model]],表格3[Model-Input-Ref2],表格3[大小電]) -> 細電 | J226: =_xlfn.XLOOKUP(表格1[[#This Row],[Model]],表格3[Model-Input-Ref2],表格3[Code]) -> SDA | K226: td5000 | L226: 1 | M226: 3588 | N226: =IFERROR(表格1[[#This Row],[QTY]]*表格1[[#This Row],[Unit Price]],"-") -> 3588 | O226: 7026866 | R226: =_xlfn.CONCAT(表格1[[#This Row],[Model]]," ",表格1[[#This Row],[inv no]]) -> ER-TD5000HK(XK) 7026866 | S226: =_xlfn.XLOOKUP(表格1[[#This Row],[Model]],表格3[Model-Input-Ref2],表格3[SRP PRICE]) -> 7998 | T226: =表格1[[#This Row],[Unit Price]]/表格1[[#This Row],[SRP]] -> 0.44861215 | U226: =_xlfn.XLOOKUP(表格1[[#This Row],[Model]],表格3[Model-Input-Ref2],表格3[TOSHIBA/HIGHEST]) -> Toshiba SRP | V226: 110 | W226: =_xlfn.CONCAT(表格1[[#This Row],[欄4]],表格1[[#This Row],[inv no]]) -> 1107026866
A227: 225 | B227: Aeon | C227: Megabox | D227: =OFFSET(Roster!$A$3,MATCH(表格1[[#This Row],[Location]]&" "&表格1[[#This Row],[Shop]]&"*",Roster!$A$4:$A$72,0),DAY(表格1[[#This Row],[date]]),1,1) -> Me | E227: =MONTH(表格1[[#This Row],[date]]) -> 3 | F227: 46082 | G227: =VLOOKUP("*"&表格1[[#This Row],[Input]]&"*",'Ref-List'!$B:$D,2,) -> TWD-BN90GF4H(WK) | H227: =_xlfn.XLOOKUP(表格1[[#This Row],[Model]],表格3[Model-Input-Ref2],表格3[Product Line]) -> 超薄身前置式洗衣乾衣機 (洗8公斤 乾5公斤) | I227: =_xlfn.XLOOKUP(表格1[[#This Row],[Model]],表格3[Model-Input-Ref2],表格3[大小電]) -> 大電 | J227: =_xlfn.XLOOKUP(表格1[[#This Row],[Model]],表格3[Model-Input-Ref2],表格3[Code]) -> WM | K227: bn90 | L227: 1 | M227: 3588 | N227: =IFERROR(表格1[[#This Row],[QTY]]*表格1[[#This Row],[Unit Price]],"-") -> 3588 | O227: 7065365 | R227: =_xlfn.CONCAT(表格1[[#This Row],[Model]]," ",表格1[[#This Row],[inv no]]) -> TWD-BN90GF4H(WK) 7065365 | S227: =_xlfn.XLOOKUP(表格1[[#This Row],[Model]],表格3[Model-Input-Ref2],表格3[SRP PRICE]) -> 5980 | T227: =表格1[[#This Row],[Unit Price]]/表格1[[#This Row],[SRP]] -> 0.6 | U227: =_xlfn.XLOOKUP(表格1[[#This Row],[Model]],表格3[Model-Input-Ref2],表格3[TOSHIBA/HIGHEST]) -> Toshiba SRP | V227: 110 | W227: =_xlfn.CONCAT(表格1[[#This Row],[欄4]],表格1[[#This Row],[inv no]]) -> 1107065365
A228: 226 | B228: Aeon | C228: Megabox | D228: =OFFSET(Roster!$A$3,MATCH(表格1[[#This Row],[Location]]&" "&表格1[[#This Row],[Shop]]&"*",Roster!$A$4:$A$72,0),DAY(表格1[[#This Row],[date]]),1,1) -> Me | E228: =MONTH(表格1[[#This Row],[date]]) -> 3 | F228: 46082 | G228: =VLOOKUP("*"&表格1[[#This Row],[Input]]&"*",'Ref-List'!$B:$D,2,) -> CWF-12CRFN8-AD5 | H228: =_xlfn.XLOOKUP(表格1[[#This Row],[Model]],表格3[Model-Input-Ref2],表格3[Product Line]) -> Comfee 1.5匹變頻窗口式冷氣機 | I228: =_xlfn.XLOOKUP(表格1[[#This Row],[Model]],表格3[Model-Input-Ref2],表格3[大小電]) -> 大電 | J228: =_xlfn.XLOOKUP(表格1[[#This Row],[Model]],表格3[Model-Input-Ref2],表格3[Code]) -> RAC | K228: 12crf | L228: 1 | M228: 4088 | N228: =IFERROR(表格1[[#This Row],[QTY]]*表格1[[#This Row],[Unit Price]],"-") -> 4088 | O228: 7016932 | R228: =_xlfn.CONCAT(表格1[[#This Row],[Model]]," ",表格1[[#This Row],[inv no]]) -> CWF-12CRFN8-AD5 7016932 | S228: =_xlfn.XLOOKUP(表格1[[#This Row],[Model]],表格3[Model-Input-Ref2],表格3[SRP PRICE]) -> 5200 | T228: =表格1[[#This Row],[Unit Price]]/表格1[[#This Row],[SRP]] -> 0.78615385 | U228: =_xlfn.XLOOKUP(表格1[[#This Row],[Model]],表格3[Model-Input-Ref2],表格3[TOSHIBA/HIGHEST]) -> Shops Highest Price | V228: 110 | W228: =_xlfn.CONCAT(表格1[[#This Row],[欄4]],表格1[[#This Row],[inv no]]) -> 1107016932
A229: 227 | B229: Aeon | C229: Megabox | D229: =OFFSET(Roster!$A$3,MATCH(表格1[[#This Row],[Location]]&" "&表格1[[#This Row],[Shop]]&"*",Roster!$A$4:$A$72,0),DAY(表格1[[#This Row],[date]]),1,1) -> Me | E229: =MONTH(表格1[[#This Row],[date]]) -> 3 | F229: 46083 | G229: =VLOOKUP("*"&表格1[[#This Row],[Input]]&"*",'Ref-List'!$B:$D,2,) -> TW-BL85A2H(WW) | H229: =_xlfn.XLOOKUP(表格1[[#This Row],[Model]],表格3[Model-Input-Ref2],表格3[Product Line]) -> 7.5KG超薄身前置式變頻洗衣機 | I229: =_xlfn.XLOOKUP(表格1[[#This Row],[Model]],表格3[Model-Input-Ref2],表格3[大小電]) -> 大電 | J229: =_xlfn.XLOOKUP(表格1[[#This Row],[Model]],表格3[Model-Input-Ref2],表格3[Code]) -> WM | K229: bl85a2 | L229: 1 | M229: 2588 | N229: =IFERROR(表格1[[#This Row],[QTY]]*表格1[[#This Row],[Unit Price]],"-") -> 2588 | O229: 7017113 | R229: =_xlfn.CONCAT(表格1[[#This Row],[Model]]," ",表格1[[#This Row],[inv no]]) -> TW-BL85A2H(WW) 7017113 | S229: =_xlfn.XLOOKUP(表格1[[#This Row],[Model]],表格3[Model-Input-Ref2],表格3[SRP PRICE]) -> 5080 | T229: =表格1[[#This Row],[Unit Price]]/表格1[[#This Row],[SRP]] -> 0.50944882 | U229: =_xlfn.XLOOKUP(表格1[[#This Row],[Model]],表格3[Model-Input-Ref2],表格3[TOSHIBA/HIGHEST]) -> Toshiba SRP | V229: 110 | W229: =_xlfn.CONCAT(表格1[[#This Row],[欄4]],表格1[[#This Row],[inv no]]) -> 1107017113
A230: 228 | B230: Aeon | C230: Megabox | D230: =OFFSET(Roster!$A$3,MATCH(表格1[[#This Row],[Location]]&" "&表格1[[#This Row],[Shop]]&"*",Roster!$A$4:$A$72,0),DAY(表格1[[#This Row],[date]]),1,1) -> Me | E230: =MONTH(表格1[[#This Row],[date]]) -> 3 | F230: 46083 | G230: =VLOOKUP("*"&表格1[[#This Row],[Input]]&"*",'Ref-List'!$B:$D,2,) -> RC-15ISTHK(W) | H230: =_xlfn.XLOOKUP(表格1[[#This Row],[Model]],表格3[Model-Input-Ref2],表格3[Product Line]) -> 磁應電飯煲(1.5公升) | I230: =_xlfn.XLOOKUP(表格1[[#This Row],[Model]],表格3[Model-Input-Ref2],表格3[大小電]) -> 細電 | J230: =_xlfn.XLOOKUP(表格1[[#This Row],[Model]],表格3[Model-Input-Ref2],表格3[Code]) -> SDA | K230: 15ist | L230: 1 | M230: 500 | N230: =IFERROR(表格1[[#This Row],[QTY]]*表格1[[#This Row],[Unit Price]],"-") -> 500 | O230: 7017057 | R230: =_xlfn.CONCAT(表格1[[#This Row],[Model]]," ",表格1[[#This Row],[inv no]]) -> RC-15ISTHK(W) 7017057 | S230: =_xlfn.XLOOKUP(表格1[[#This Row],[Model]],表格3[Model-Input-Ref2],表格3[SRP PRICE]) -> 1688 | T230: =表格1[[#This Row],[Unit Price]]/表格1[[#This Row],[SRP]] -> 0.29620853 | U230: =_xlfn.XLOOKUP(表格1[[#This Row],[Model]],表格3[Model-Input-Ref2],表格3[TOSHIBA/HIGHEST]) -> Toshiba SRP | V230: 110 | W230: =_xlfn.CONCAT(表格1[[#This Row],[欄4]],表格1[[#This Row],[inv no]]) -> 1107017057
A231: 229 | B231: Aeon | C231: Megabox | D231: =OFFSET(Roster!$A$3,MATCH(表格1[[#This Row],[Location]]&" "&表格1[[#This Row],[Shop]]&"*",Roster!$A$4:$A$72,0),DAY(表格1[[#This Row],[date]]),1,1) -> Me | E231: =MONTH(表格1[[#This Row],[date]]) -> 3 | F231: 46083 | G231: =VLOOKUP("*"&表格1[[#This Row],[Input]]&"*",'Ref-List'!$B:$D,2,) -> RC-15ISTHK(W) | H231: =_xlfn.XLOOKUP(表格1[[#This Row],[Model]],表格3[Model-Input-Ref2],表格3[Product Line]) -> 磁應電飯煲(1.5公升) | I231: =_xlfn.XLOOKUP(表格1[[#This Row],[Model]],表格3[Model-Input-Ref2],表格3[大小電]) -> 細電 | J231: =_xlfn.XLOOKUP(表格1[[#This Row],[Model]],表格3[Model-Input-Ref2],表格3[Code]) -> SDA | K231: 15ist | L231: 1 | M231: 500 | N231: =IFERROR(表格1[[#This Row],[QTY]]*表格1[[#This Row],[Unit Price]],"-") -> 500 | O231: 7017066 | R231: =_xlfn.CONCAT(表格1[[#This Row],[Model]]," ",表格1[[#This Row],[inv no]]) -> RC-15ISTHK(W) 7017066 | S231: =_xlfn.XLOOKUP(表格1[[#This Row],[Model]],表格3[Model-Input-Ref2],表格3[SRP PRICE]) -> 1688 | T231: =表格1[[#This Row],[Unit Price]]/表格1[[#This Row],[SRP]] -> 0.29620853 | U231: =_xlfn.XLOOKUP(表格1[[#This Row],[Model]],表格3[Model-Input-Ref2],表格3[TOSHIBA/HIGHEST]) -> Toshiba SRP | V231: 110 | W231: =_xlfn.CONCAT(表格1[[#This Row],[欄4]],表格1[[#This Row],[inv no]]) -> 1107017066
A232: 230 | B232: Aeon | C232: Megabox | D232: =OFFSET(Roster!$A$3,MATCH(表格1[[#This Row],[Location]]&" "&表格1[[#This Row],[Shop]]&"*",Roster!$A$4:$A$72,0),DAY(表格1[[#This Row],[date]]),1,1) -> Me | E232: =MONTH(表格1[[#This Row],[date]]) -> 3 | F232: 46083 | G232: =VLOOKUP("*"&表格1[[#This Row],[Input]]&"*",'Ref-List'!$B:$D,2,) -> RC-15ISTHK(W) | H232: =_xlfn.XLOOKUP(表格1[[#This Row],[Model]],表格3[Model-Input-Ref2],表格3[Product Line]) -> 磁應電飯煲(1.5公升) | I232: =_xlfn.XLOOKUP(表格1[[#This Row],[Model]],表格3[Model-Input-Ref2],表格3[大小電]) -> 細電 | J232: =_xlfn.XLOOKUP(表格1[[#This Row],[Model]],表格3[Model-Input-Ref2],表格3[Code]) -> SDA | K232: 15ist | L232: 1 | M232: 500 | N232: =IFERROR(表格1[[#This Row],[QTY]]*表格1[[#This Row],[Unit Price]],"-") -> 500 | O232: 7017071 | R232: =_xlfn.CONCAT(表格1[[#This Row],[Model]]," ",表格1[[#This Row],[inv no]]) -> RC-15ISTHK(W) 7017071 | S232: =_xlfn.XLOOKUP(表格1[[#This Row],[Model]],表格3[Model-Input-Ref2],表格3[SRP PRICE]) -> 1688 | T232: =表格1[[#This Row],[Unit Price]]/表格1[[#This Row],[SRP]] -> 0.29620853 | U232: =_xlfn.XLOOKUP(表格1[[#This Row],[Model]],表格3[Model-Input-Ref2],表格3[TOSHIBA/HIGHEST]) -> Toshiba SRP | V232: 110 | W232: =_xlfn.CONCAT(表格1[[#This Row],[欄4]],表格1[[#This Row],[inv no]]) -> 1107017071
A233: 231 | B233: Aeon | C233: Megabox | D233: =OFFSET(Roster!$A$3,MATCH(表格1[[#This Row],[Location]]&" "&表格1[[#This Row],[Shop]]&"*",Roster!$A$4:$A$72,0),DAY(表格1[[#This Row],[date]]),1,1) -> Me | E233: =MONTH(表格1[[#This Row],[date]]) -> 3 | F233: 46083 | G233: =VLOOKUP("*"&表格1[[#This Row],[Input]]&"*",'Ref-List'!$B:$D,2,) -> RC-15ISTHK(W) | H233: =_xlfn.XLOOKUP(表格1[[#This Row],[Model]],表格3[Model-Input-Ref2],表格3[Product Line]) -> 磁應電飯煲(1.5公升) | I233: =_xlfn.XLOOKUP(表格1[[#This Row],[Model]],表格3[Model-Input-Ref2],表格3[大小電]) -> 細電 | J233: =_xlfn.XLOOKUP(表格1[[#This Row],[Model]],表格3[Model-Input-Ref2],表格3[Code]) -> SDA | K233: 15ist | L233: 1 | M233: 500 | N233: =IFERROR(表格1[[#This Row],[QTY]]*表格1[[#This Row],[Unit Price]],"-") -> 500 | O233: 7017097 | R233: =_xlfn.CONCAT(表格1[[#This Row],[Model]]," ",表格1[[#This Row],[inv no]]) -> RC-15ISTHK(W) 7017097 | S233: =_xlfn.XLOOKUP(表格1[[#This Row],[Model]],表格3[Model-Input-Ref2],表格3[SRP PRICE]) -> 1688 | T233: =表格1[[#This Row],[Unit Price]]/表格1[[#This Row],[SRP]] -> 0.29620853 | U233: =_xlfn.XLOOKUP(表格1[[#This Row],[Model]],表格3[Model-Input-Ref2],表格3[TOSHIBA/HIGHEST]) -> Toshiba SRP | V233: 110 | W233: =_xlfn.CONCAT(表格1[[#This Row],[欄4]],表格1[[#This Row],[inv no]]) -> 1107017097
A234: 232 | B234: Aeon | C234: Megabox | D234: =OFFSET(Roster!$A$3,MATCH(表格1[[#This Row],[Location]]&" "&表格1[[#This Row],[Shop]]&"*",Roster!$A$4:$A$72,0),DAY(表格1[[#This Row],[date]]),1,1) -> Me | E234: =MONTH(表格1[[#This Row],[date]]) -> 3 | F234: 46083 | G234: =VLOOKUP("*"&表格1[[#This Row],[Input]]&"*",'Ref-List'!$B:$D,2,) -> RC-15ISTHK(W) | H234: =_xlfn.XLOOKUP(表格1[[#This Row],[Model]],表格3[Model-Input-Ref2],表格3[Product Line]) -> 磁應電飯煲(1.5公升) | I234: =_xlfn.XLOOKUP(表格1[[#This Row],[Model]],表格3[Model-Input-Ref2],表格3[大小電]) -> 細電 | J234: =_xlfn.XLOOKUP(表格1[[#This Row],[Model]],表格3[Model-Input-Ref2],表格3[Code]) -> SDA | K234: 15ist | L234: 1 | M234: 500 | N234: =IFERROR(表格1[[#This Row],[QTY]]*表格1[[#This Row],[Unit Price]],"-") -> 500 | O234: 7017153 | R234: =_xlfn.CONCAT(表格1[[#This Row],[Model]]," ",表格1[[#This Row],[inv no]]) -> RC-15ISTHK(W) 7017153 | S234: =_xlfn.XLOOKUP(表格1[[#This Row],[Model]],表格3[Model-Input-Ref2],表格3[SRP PRICE]) -> 1688 | T234: =表格1[[#This Row],[Unit Price]]/表格1[[#This Row],[SRP]] -> 0.29620853 | U234: =_xlfn.XLOOKUP(表格1[[#This Row],[Model]],表格3[Model-Input-Ref2],表格3[TOSHIBA/HIGHEST]) -> Toshiba SRP | V234: 110 | W234: =_xlfn.CONCAT(表格1[[#This Row],[欄4]],表格1[[#This Row],[inv no]]) -> 1107017153
A235: 233 | B235: Aeon | C235: Megabox | D235: =OFFSET(Roster!$A$3,MATCH(表格1[[#This Row],[Location]]&" "&表格1[[#This Row],[Shop]]&"*",Roster!$A$4:$A$72,0),DAY(表格1[[#This Row],[date]]),1,1) -> Me | E235: =MONTH(表格1[[#This Row],[date]]) -> 3 | F235: 46083 | G235: =VLOOKUP("*"&表格1[[#This Row],[Input]]&"*",'Ref-List'!$B:$D,2,) -> MW2-MM24PC(BK) | H235: =_xlfn.XLOOKUP(表格1[[#This Row],[Model]],表格3[Model-Input-Ref2],表格3[Product Line]) -> 旋鈕式微波爐24L | I235: =_xlfn.XLOOKUP(表格1[[#This Row],[Model]],表格3[Model-Input-Ref2],表格3[大小電]) -> 細電 | J235: =_xlfn.XLOOKUP(表格1[[#This Row],[Model]],表格3[Model-Input-Ref2],表格3[Code]) -> SDA | K235: mm24 | L235: 1 | M235: 500 | N235: =IFERROR(表格1[[#This Row],[QTY]]*表格1[[#This Row],[Unit Price]],"-") -> 500 | O235: 7027230 | R235: =_xlfn.CONCAT(表格1[[#This Row],[Model]]," ",表格1[[#This Row],[inv no]]) -> MW2-MM24PC(BK) 7027230 | S235: =_xlfn.XLOOKUP(表格1[[#This Row],[Model]],表格3[Model-Input-Ref2],表格3[SRP PRICE]) -> 848 | T235: =表格1[[#This Row],[Unit Price]]/表格1[[#This Row],[SRP]] -> 0.58962264 | U235: =_xlfn.XLOOKUP(表格1[[#This Row],[Model]],表格3[Model-Input-Ref2],表格3[TOSHIBA/HIGHEST]) -> Toshiba SRP | V235: 110 | W235: =_xlfn.CONCAT(表格1[[#This Row],[欄4]],表格1[[#This Row],[inv no]]) -> 1107027230
A236: 234 | B236: Aeon | C236: Megabox | D236: =OFFSET(Roster!$A$3,MATCH(表格1[[#This Row],[Location]]&" "&表格1[[#This Row],[Shop]]&"*",Roster!$A$4:$A$72,0),DAY(表格1[[#This Row],[date]]),1,1) -> Me | E236: =MONTH(表格1[[#This Row],[date]]) -> 3 | F236: 46083 | G236: =VLOOKUP("*"&表格1[[#This Row],[Input]]&"*",'Ref-List'!$B:$D,2,) -> PLK-45SFIH(WT) | H236: =_xlfn.XLOOKUP(表格1[[#This Row],[Model]],表格3[Model-Input-Ref2],表格3[Product Line]) -> 電熱水瓶4.5L | I236: =_xlfn.XLOOKUP(表格1[[#This Row],[Model]],表格3[Model-Input-Ref2],表格3[大小電]) -> 細電 | J236: =_xlfn.XLOOKUP(表格1[[#This Row],[Model]],表格3[Model-Input-Ref2],表格3[Code]) -> SDA | K236: 45sf | L236: 1 | M236: 500 | N236: =IFERROR(表格1[[#This Row],[QTY]]*表格1[[#This Row],[Unit Price]],"-") -> 500 | O236: 7017293 | R236: =_xlfn.CONCAT(表格1[[#This Row],[Model]]," ",表格1[[#This Row],[inv no]]) -> PLK-45SFIH(WT) 7017293 | S236: =_xlfn.XLOOKUP(表格1[[#This Row],[Model]],表格3[Model-Input-Ref2],表格3[SRP PRICE]) -> 788 | T236: =表格1[[#This Row],[Unit Price]]/表格1[[#This Row],[SRP]] -> 0.63451777 | U236: =_xlfn.XLOOKUP(表格1[[#This Row],[Model]],表格3[Model-Input-Ref2],表格3[TOSHIBA/HIGHEST]) -> Toshiba SRP | V236: 110 | W236: =_xlfn.CONCAT(表格1[[#This Row],[欄4]],表格1[[#This Row],[inv no]]) -> 1107017293
A237: 235 | B237: Aeon | C237: Megabox | D237: =OFFSET(Roster!$A$3,MATCH(表格1[[#This Row],[Location]]&" "&表格1[[#This Row],[Shop]]&"*",Roster!$A$4:$A$72,0),DAY(表格1[[#This Row],[date]]),1,1) -> Me | E237: =MONTH(表格1[[#This Row],[date]]) -> 3 | F237: 46083 | G237: =VLOOKUP("*"&表格1[[#This Row],[Input]]&"*",'Ref-List'!$B:$D,2,) -> DWS-34AHK | H237: =_xlfn.XLOOKUP(表格1[[#This Row],[Model]],表格3[Model-Input-Ref2],表格3[Product Line]) -> 獨立式免安裝洗碗碟機 | I237: =_xlfn.XLOOKUP(表格1[[#This Row],[Model]],表格3[Model-Input-Ref2],表格3[大小電]) -> 細電 | J237: =_xlfn.XLOOKUP(表格1[[#This Row],[Model]],表格3[Model-Input-Ref2],表格3[Code]) -> DM | K237: 34ahk | L237: 1 | M237: 1500 | N237: =IFERROR(表格1[[#This Row],[QTY]]*表格1[[#This Row],[Unit Price]],"-") -> 1500 | O237: 7017338 | R237: =_xlfn.CONCAT(表格1[[#This Row],[Model]]," ",表格1[[#This Row],[inv no]]) -> DWS-34AHK 7017338 | S237: =_xlfn.XLOOKUP(表格1[[#This Row],[Model]],表格3[Model-Input-Ref2],表格3[SRP PRICE]) -> 3999 | T237: =表格1[[#This Row],[Unit Price]]/表格1[[#This Row],[SRP]] -> 0.37509377 | U237: =_xlfn.XLOOKUP(表格1[[#This Row],[Model]],表格3[Model-Input-Ref2],表格3[TOSHIBA/HIGHEST]) -> Web SRP | V237: 110 | W237: =_xlfn.CONCAT(表格1[[#This Row],[欄4]],表格1[[#This Row],[inv no]]) -> 1107017338
... A348: 346 | B348: Aeon | C348: Megabox | D348: =OFFSET(Roster!$A$3,MATCH(表格1[[#This Row],[Location]]&" "&表格1[[#This Row],[Shop]]&"*",Roster!$A$4:$A$72,0),DAY(表格1[[#This Row],[date]]),1,1) -> Me | E348: =MONTH(表格1[[#This Row],[date]]) -> 3 | F348: 46096 | G348: =VLOOKUP("*"&表格1[[#This Row],[Input]]&"*",'Ref-List'!$B:$D,2,) -> RC-15ISTHK(W) | H348: =_xlfn.XLOOKUP(表格1[[#This Row],[Model]],表格3[Model-Input-Ref2],表格3[Product Line]) -> 磁應電飯煲(1.5公升) | I348: =_xlfn.XLOOKUP(表格1[[#This Row],[Model]],表格3[Model-Input-Ref2],表格3[大小電]) -> 細電 | J348: =_xlfn.XLOOKUP(表格1[[#This Row],[Model]],表格3[Model-Input-Ref2],表格3[Code]) -> SDA | K348: 15ist | L348: 1 | M348: 500 | N348: =IFERROR(表格1[[#This Row],[QTY]]*表格1[[#This Row],[Unit Price]],"-") -> 500 | O348: 7027947 | R348: =_xlfn.CONCAT(表格1[[#This Row],[Model]]," ",表格1[[#This Row],[inv no]]) -> RC-15ISTHK(W) 7027947 | S348: =_xlfn.XLOOKUP(表格1[[#This Row],[Model]],表格3[Model-Input-Ref2],表格3[SRP PRICE]) -> 1688 | T348: =表格1[[#This Row],[Unit Price]]/表格1[[#This Row],[SRP]] -> 0.29620853 | U348: =_xlfn.XLOOKUP(表格1[[#This Row],[Model]],表格3[Model-Input-Ref2],表格3[TOSHIBA/HIGHEST]) -> Toshiba SRP | V348: 110 | W348: =_xlfn.CONCAT(表格1[[#This Row],[欄4]],表格1[[#This Row],[inv no]]) -> 1107027947
A349: 347 | B349: Aeon | C349: Megabox | D349: =OFFSET(Roster!$A$3,MATCH(表格1[[#This Row],[Location]]&" "&表格1[[#This Row],[Shop]]&"*",Roster!$A$4:$A$72,0),DAY(表格1[[#This Row],[date]]),1,1) -> Me | E349: =MONTH(表格1[[#This Row],[date]]) -> 3 | F349: 46096 | G349: =VLOOKUP("*"&表格1[[#This Row],[Input]]&"*",'Ref-List'!$B:$D,2,) -> CWF-09CRFN8-AD5 | H349: =_xlfn.XLOOKUP(表格1[[#This Row],[Model]],表格3[Model-Input-Ref2],表格3[Product Line]) -> Comfee 1匹變頻窗口式冷氣機 | I349: =_xlfn.XLOOKUP(表格1[[#This Row],[Model]],表格3[Model-Input-Ref2],表格3[大小電]) -> 大電 | J349: =_xlfn.XLOOKUP(表格1[[#This Row],[Model]],表格3[Model-Input-Ref2],表格3[Code]) -> RAC | K349: 09crf | L349: 1 | M349: 3588 | N349: =IFERROR(表格1[[#This Row],[QTY]]*表格1[[#This Row],[Unit Price]],"-") -> 3588 | O349: 7027899 | P349: $3288>$3588 | R349: =_xlfn.CONCAT(表格1[[#This Row],[Model]]," ",表格1[[#This Row],[inv no]]) -> CWF-09CRFN8-AD5 7027899 | S349: =_xlfn.XLOOKUP(表格1[[#This Row],[Model]],表格3[Model-Input-Ref2],表格3[SRP PRICE]) -> 4600 | T349: =表格1[[#This Row],[Unit Price]]/表格1[[#This Row],[SRP]] -> 0.78 | U349: =_xlfn.XLOOKUP(表格1[[#This Row],[Model]],表格3[Model-Input-Ref2],表格3[TOSHIBA/HIGHEST]) -> Shops Highest Price | V349: 110 | W349: =_xlfn.CONCAT(表格1[[#This Row],[欄4]],表格1[[#This Row],[inv no]]) -> 1107027899
A350: 348 | B350: Aeon | C350: Megabox | D350: =OFFSET(Roster!$A$3,MATCH(表格1[[#This Row],[Location]]&" "&表格1[[#This Row],[Shop]]&"*",Roster!$A$4:$A$72,0),DAY(表格1[[#This Row],[date]]),1,1) -> Me | E350: =MONTH(表格1[[#This Row],[date]]) -> 3 | F350: 46096 | G350: =VLOOKUP("*"&表格1[[#This Row],[Input]]&"*",'Ref-List'!$B:$D,2,) -> ER-TD5000HK(XK) | H350: =_xlfn.XLOOKUP(表格1[[#This Row],[Model]],表格3[Model-Input-Ref2],表格3[Product Line]) -> 座檯式純蒸氣烤焗水波爐30L | I350: =_xlfn.XLOOKUP(表格1[[#This Row],[Model]],表格3[Model-Input-Ref2],表格3[大小電]) -> 細電 | J350: =_xlfn.XLOOKUP(表格1[[#This Row],[Model]],表格3[Model-Input-Ref2],表格3[Code]) -> SDA | K350: td5000 | L350: 1 | M350: 3588 | N350: =IFERROR(表格1[[#This Row],[QTY]]*表格1[[#This Row],[Unit Price]],"-") -> 3588 | O350: 7018572 | R350: =_xlfn.CONCAT(表格1[[#This Row],[Model]]," ",表格1[[#This Row],[inv no]]) -> ER-TD5000HK(XK) 7018572 | S350: =_xlfn.XLOOKUP(表格1[[#This Row],[Model]],表格3[Model-Input-Ref2],表格3[SRP PRICE]) -> 7998 | T350: =表格1[[#This Row],[Unit Price]]/表格1[[#This Row],[SRP]] -> 0.44861215 | U350: =_xlfn.XLOOKUP(表格1[[#This Row],[Model]],表格3[Model-Input-Ref2],表格3[TOSHIBA/HIGHEST]) -> Toshiba SRP | V350: 110 | W350: =_xlfn.CONCAT(表格1[[#This Row],[欄4]],表格1[[#This Row],[inv no]]) -> 1107018572
A351: 349 | B351: Aeon | C351: Megabox | D351: =OFFSET(Roster!$A$3,MATCH(表格1[[#This Row],[Location]]&" "&表格1[[#This Row],[Shop]]&"*",Roster!$A$4:$A$72,0),DAY(表格1[[#This Row],[date]]),1,1) -> Me | E351: =MONTH(表格1[[#This Row],[date]]) -> 3 | F351: 46096 | G351: =VLOOKUP("*"&表格1[[#This Row],[Input]]&"*",'Ref-List'!$B:$D,2,) -> MW2-MM24PC(BK) | H351: =_xlfn.XLOOKUP(表格1[[#This Row],[Model]],表格3[Model-Input-Ref2],表格3[Product Line]) -> 旋鈕式微波爐24L | I351: =_xlfn.XLOOKUP(表格1[[#This Row],[Model]],表格3[Model-Input-Ref2],表格3[大小電]) -> 細電 | J351: =_xlfn.XLOOKUP(表格1[[#This Row],[Model]],表格3[Model-Input-Ref2],表格3[Code]) -> SDA | K351: mm24 | L351: 1 | M351: 500 | N351: =IFERROR(表格1[[#This Row],[QTY]]*表格1[[#This Row],[Unit Price]],"-") -> 500 | O351: 7018572 | R351: =_xlfn.CONCAT(表格1[[#This Row],[Model]]," ",表格1[[#This Row],[inv no]]) -> MW2-MM24PC(BK) 7018572 | S351: =_xlfn.XLOOKUP(表格1[[#This Row],[Model]],表格3[Model-Input-Ref2],表格3[SRP PRICE]) -> 848 | T351: =表格1[[#This Row],[Unit Price]]/表格1[[#This Row],[SRP]] -> 0.58962264 | U351: =_xlfn.XLOOKUP(表格1[[#This Row],[Model]],表格3[Model-Input-Ref2],表格3[TOSHIBA/HIGHEST]) -> Toshiba SRP | V351: 110 | W351: =_xlfn.CONCAT(表格1[[#This Row],[欄4]],表格1[[#This Row],[inv no]]) -> 1107018572
